SELECT @@VERSION;
GO
CREATE DATABASE [LibeyTechnicalTest];
GO
USE [LibeyTechnicalTest]
GO
CREATE TABLE Region (
	RegionCode	 		char(2) PRIMARY KEY,
	RegionDescription 	varchar(200)
)
GO
CREATE TABLE Province (
	ProvinceCode	 	char(4) PRIMARY KEY,
	RegionCode	 		char(2),
	ProvinceDescription varchar(200)
)
GO
CREATE TABLE Ubigeo(
	UbigeoCode	 		char(6) PRIMARY KEY,
	ProvinceCode 		char(4),
	RegionCode	 		char(2),
	UbigeoDescription 	varchar(200)
)
GO
CREATE TABLE DocumentType(
	DocumentTypeId	 		int PRIMARY KEY,	
	DocumentTypeDescription varchar(200)
)
GO
CREATE TABLE LibeyUser(
	DocumentNumber 	varchar(20) PRIMARY KEY,
	DocumentTypeId 	int,
	Name 			varchar(100),
	FathersLastName varchar(100),
	MothersLastName varchar(100),
	Address 		varchar(100),
	UbigeoCode		char(6),
	Phone 			varchar(20),
	Email 			varchar(20),
	Password 		varchar(20),
	Active			bit
) 
GO
INSERT INTO DocumentType VALUES (1,'Documento Nacional de Identidad')
INSERT INTO DocumentType VALUES (1,'Registro Único de Contribuyente ')
GO
 INSERT INTO Region VALUES ('01','Amazonas')
 INSERT INTO Region VALUES ('02','Ancash')
 INSERT INTO Region VALUES ('03','Apurimac')
 INSERT INTO Region VALUES ('04','Arequipa')
 INSERT INTO Region VALUES ('05','Ayacucho')
 INSERT INTO Region VALUES ('06','Cajamarca')
 INSERT INTO Region VALUES ('07','Callao')
 INSERT INTO Region VALUES ('08','Cusco')
 INSERT INTO Region VALUES ('09','Huancavelica')
 INSERT INTO Region VALUES ('10','Huanuco')
 INSERT INTO Region VALUES ('11','Ica')
 INSERT INTO Region VALUES ('12','Junin')
 INSERT INTO Region VALUES ('13','La Libertad')
 INSERT INTO Region VALUES ('14','Lambayeque')
 INSERT INTO Region VALUES ('15','Lima')
 INSERT INTO Region VALUES ('16','Loreto')
 INSERT INTO Region VALUES ('17','Madre de Dios')
 INSERT INTO Region VALUES ('18','Moquegua')
 INSERT INTO Region VALUES ('19','Pasco')
 INSERT INTO Region VALUES ('20','Piura')
 INSERT INTO Region VALUES ('21','Puno')
 INSERT INTO Region VALUES ('22','San Martin')
 INSERT INTO Region VALUES ('23','Tacna')
 INSERT INTO Region VALUES ('24','Tumbes')
 INSERT INTO Region VALUES ('25','Ucayali')
GO
 INSERT INTO Province VALUES ('0101','01','Chachapoyas')
 INSERT INTO Province VALUES ('0102','01','Bagua')
 INSERT INTO Province VALUES ('0103','01','Bongara')
 INSERT INTO Province VALUES ('0104','01','Condorcanqui')
 INSERT INTO Province VALUES ('0105','01','Luya')
 INSERT INTO Province VALUES ('0106','01','Rodriguez De Mendoza')
 INSERT INTO Province VALUES ('0107','01','Utcubamba')
 INSERT INTO Province VALUES ('0201','02','Huaraz')
 INSERT INTO Province VALUES ('0202','02','Aija')
 INSERT INTO Province VALUES ('0203','02','Antonio Raymondi')
 INSERT INTO Province VALUES ('0204','02','Asuncion')
 INSERT INTO Province VALUES ('0205','02','Bolognesi')
 INSERT INTO Province VALUES ('0206','02','Carhuaz')
 INSERT INTO Province VALUES ('0207','02','Carlos Fermin Fitzcarrald')
 INSERT INTO Province VALUES ('0208','02','Casma')
 INSERT INTO Province VALUES ('0209','02','Corongo')
 INSERT INTO Province VALUES ('0210','02','Huari')
 INSERT INTO Province VALUES ('0211','02','Huarmey')
 INSERT INTO Province VALUES ('0212','02','Huaylas')
 INSERT INTO Province VALUES ('0213','02','Mariscal Luzuriaga')
 INSERT INTO Province VALUES ('0214','02','Ocros')
 INSERT INTO Province VALUES ('0215','02','Pallasca')
 INSERT INTO Province VALUES ('0216','02','Pomabamba')
 INSERT INTO Province VALUES ('0217','02','Recuay')
 INSERT INTO Province VALUES ('0218','02','Santa')
 INSERT INTO Province VALUES ('0219','02','Sihuas')
 INSERT INTO Province VALUES ('0220','02','Yungay')
 INSERT INTO Province VALUES ('0301','03','Abancay')
 INSERT INTO Province VALUES ('0302','03','Andahuaylas')
 INSERT INTO Province VALUES ('0303','03','Antabamba')
 INSERT INTO Province VALUES ('0304','03','Aymaraes')
 INSERT INTO Province VALUES ('0305','03','Cotabambas')
 INSERT INTO Province VALUES ('0306','03','Chincheros')
 INSERT INTO Province VALUES ('0307','03','Grau')
 INSERT INTO Province VALUES ('0401','04','Arequipa')
 INSERT INTO Province VALUES ('0402','04','Camana')
 INSERT INTO Province VALUES ('0403','04','Caraveli')
 INSERT INTO Province VALUES ('0404','04','Castilla')
 INSERT INTO Province VALUES ('0405','04','Caylloma')
 INSERT INTO Province VALUES ('0406','04','Condesuyos')
 INSERT INTO Province VALUES ('0407','04','Islay')
 INSERT INTO Province VALUES ('0408','04','La Union')
 INSERT INTO Province VALUES ('0501','05','Huamanga')
 INSERT INTO Province VALUES ('0502','05','Cangallo')
 INSERT INTO Province VALUES ('0503','05','Huanca Sancos')
 INSERT INTO Province VALUES ('0504','05','Huanta')
 INSERT INTO Province VALUES ('0505','05','La Mar')
 INSERT INTO Province VALUES ('0506','05','Lucanas')
 INSERT INTO Province VALUES ('0507','05','Parinacochas')
 INSERT INTO Province VALUES ('0508','05','Paucar Del Sara Sara')
 INSERT INTO Province VALUES ('0509','05','Sucre')
 INSERT INTO Province VALUES ('0510','05','Victor Fajardo')
 INSERT INTO Province VALUES ('0511','05','Vilcas Huaman')
 INSERT INTO Province VALUES ('0601','06','Cajamarca')
 INSERT INTO Province VALUES ('0602','06','Cajabamba')
 INSERT INTO Province VALUES ('0603','06','Celendin')
 INSERT INTO Province VALUES ('0604','06','Chota')
 INSERT INTO Province VALUES ('0605','06','Contumaza')
 INSERT INTO Province VALUES ('0606','06','Cutervo')
 INSERT INTO Province VALUES ('0607','06','Hualgayoc')
 INSERT INTO Province VALUES ('0608','06','Jaen')
 INSERT INTO Province VALUES ('0609','06','San Ignacio')
 INSERT INTO Province VALUES ('0610','06','San Marcos')
 INSERT INTO Province VALUES ('0611','06','San Miguel')
 INSERT INTO Province VALUES ('0612','06','San Pablo')
 INSERT INTO Province VALUES ('0613','06','Santa Cruz')
 INSERT INTO Province VALUES ('0701','07','Callao')
 INSERT INTO Province VALUES ('0801','08','Cusco')
 INSERT INTO Province VALUES ('0802','08','Acomayo')
 INSERT INTO Province VALUES ('0803','08','Anta')
 INSERT INTO Province VALUES ('0804','08','Calca')
 INSERT INTO Province VALUES ('0805','08','Canas')
 INSERT INTO Province VALUES ('0806','08','Canchis')
 INSERT INTO Province VALUES ('0807','08','Chumbivilcas')
 INSERT INTO Province VALUES ('0808','08','Espinar')
 INSERT INTO Province VALUES ('0809','08','La Convencion')
 INSERT INTO Province VALUES ('0810','08','Paruro')
 INSERT INTO Province VALUES ('0811','08','Paucartambo')
 INSERT INTO Province VALUES ('0812','08','Quispicanchi')
 INSERT INTO Province VALUES ('0813','08','Urubamba')
 INSERT INTO Province VALUES ('0901','09','Huancavelica')
 INSERT INTO Province VALUES ('0902','09','Acobamba')
 INSERT INTO Province VALUES ('0903','09','Angaraes')
 INSERT INTO Province VALUES ('0904','09','Castrovirreyna')
 INSERT INTO Province VALUES ('0905','09','Churcampa')
 INSERT INTO Province VALUES ('0906','09','Huaytara')
 INSERT INTO Province VALUES ('0907','09','Tayacaja')
 INSERT INTO Province VALUES ('1001','10','Huanuco')
 INSERT INTO Province VALUES ('1002','10','Ambo')
 INSERT INTO Province VALUES ('1003','10','Dos De Mayo')
 INSERT INTO Province VALUES ('1004','10','Huacaybamba')
 INSERT INTO Province VALUES ('1005','10','Huamalies')
 INSERT INTO Province VALUES ('1006','10','Leoncio Prado')
 INSERT INTO Province VALUES ('1007','10','Marañon')
 INSERT INTO Province VALUES ('1008','10','Pachitea')
 INSERT INTO Province VALUES ('1009','10','Puerto Inca')
 INSERT INTO Province VALUES ('1010','10','Lauricocha')
 INSERT INTO Province VALUES ('1011','10','Yarowilca')
 INSERT INTO Province VALUES ('1101','11','Ica')
 INSERT INTO Province VALUES ('1102','11','Chincha')
 INSERT INTO Province VALUES ('1103','11','Nasca')
 INSERT INTO Province VALUES ('1104','11','Palpa')
 INSERT INTO Province VALUES ('1105','11','Pisco')
 INSERT INTO Province VALUES ('1201','12','Huancayo')
 INSERT INTO Province VALUES ('1202','12','Concepcion')
 INSERT INTO Province VALUES ('1203','12','Chanchamayo')
 INSERT INTO Province VALUES ('1204','12','Jauja')
 INSERT INTO Province VALUES ('1205','12','Junin')
 INSERT INTO Province VALUES ('1206','12','Satipo')
 INSERT INTO Province VALUES ('1207','12','Tarma')
 INSERT INTO Province VALUES ('1208','12','Yauli')
 INSERT INTO Province VALUES ('1209','12','Chupaca')
 INSERT INTO Province VALUES ('1301','13','Trujillo')
 INSERT INTO Province VALUES ('1302','13','Ascope')
 INSERT INTO Province VALUES ('1303','13','Bolivar')
 INSERT INTO Province VALUES ('1304','13','Chepen')
 INSERT INTO Province VALUES ('1305','13','Julcan')
 INSERT INTO Province VALUES ('1306','13','Otuzco')
 INSERT INTO Province VALUES ('1307','13','Pacasmayo')
 INSERT INTO Province VALUES ('1308','13','Pataz')
 INSERT INTO Province VALUES ('1309','13','Sanchez Carrion')
 INSERT INTO Province VALUES ('1310','13','Santiago De Chuco')
 INSERT INTO Province VALUES ('1311','13','Gran Chimu')
 INSERT INTO Province VALUES ('1312','13','Viru')
 INSERT INTO Province VALUES ('1401','14','Chiclayo')
 INSERT INTO Province VALUES ('1402','14','Ferreñafe')
 INSERT INTO Province VALUES ('1403','14','Lambayeque')
 INSERT INTO Province VALUES ('1501','15','Lima')
 INSERT INTO Province VALUES ('1502','15','Barranca')
 INSERT INTO Province VALUES ('1503','15','Cajatambo')
 INSERT INTO Province VALUES ('1504','15','Canta')
 INSERT INTO Province VALUES ('1505','15','Cañete')
 INSERT INTO Province VALUES ('1506','15','Huaral')
 INSERT INTO Province VALUES ('1507','15','Huarochiri')
 INSERT INTO Province VALUES ('1508','15','Huaura')
 INSERT INTO Province VALUES ('1509','15','Oyon')
 INSERT INTO Province VALUES ('1510','15','Yauyos')
 INSERT INTO Province VALUES ('1601','16','Maynas')
 INSERT INTO Province VALUES ('1602','16','Alto Amazonas')
 INSERT INTO Province VALUES ('1603','16','Loreto')
 INSERT INTO Province VALUES ('1604','16','Mariscal Ramon Castilla')
 INSERT INTO Province VALUES ('1605','16','Requena')
 INSERT INTO Province VALUES ('1606','16','Ucayali')
 INSERT INTO Province VALUES ('1607','16','Datem Del Marañon')
 INSERT INTO Province VALUES ('1608','16','Putumayo')
 INSERT INTO Province VALUES ('1701','17','Tambopata')
 INSERT INTO Province VALUES ('1702','17','Manu')
 INSERT INTO Province VALUES ('1703','17','Tahuamanu')
 INSERT INTO Province VALUES ('1801','18','Mariscal Nieto')
 INSERT INTO Province VALUES ('1802','18','General Sanchez Cerro')
 INSERT INTO Province VALUES ('1803','18','Ilo')
 INSERT INTO Province VALUES ('1901','19','Pasco')
 INSERT INTO Province VALUES ('1902','19','Daniel Alcides Carrion')
 INSERT INTO Province VALUES ('1903','19','Oxapampa')
 INSERT INTO Province VALUES ('2001','20','Piura')
 INSERT INTO Province VALUES ('2002','20','Ayabaca')
 INSERT INTO Province VALUES ('2003','20','Huancabamba')
 INSERT INTO Province VALUES ('2004','20','Morropon')
 INSERT INTO Province VALUES ('2005','20','Paita')
 INSERT INTO Province VALUES ('2006','20','Sullana')
 INSERT INTO Province VALUES ('2007','20','Talara')
 INSERT INTO Province VALUES ('2008','20','Sechura')
 INSERT INTO Province VALUES ('2101','21','Puno')
 INSERT INTO Province VALUES ('2102','21','Azangaro')
 INSERT INTO Province VALUES ('2103','21','Carabaya')
 INSERT INTO Province VALUES ('2104','21','Chucuito')
 INSERT INTO Province VALUES ('2105','21','El Collao')
 INSERT INTO Province VALUES ('2106','21','Huancane')
 INSERT INTO Province VALUES ('2107','21','Lampa')
 INSERT INTO Province VALUES ('2108','21','Melgar')
 INSERT INTO Province VALUES ('2109','21','Moho')
 INSERT INTO Province VALUES ('2110','21','San Antonio De Putina')
 INSERT INTO Province VALUES ('2111','21','San Roman')
 INSERT INTO Province VALUES ('2112','21','Sandia')
 INSERT INTO Province VALUES ('2113','21','Yunguyo')
 INSERT INTO Province VALUES ('2201','22','Moyobamba')
 INSERT INTO Province VALUES ('2202','22','Bellavista')
 INSERT INTO Province VALUES ('2203','22','El Dorado')
 INSERT INTO Province VALUES ('2204','22','Huallaga')
 INSERT INTO Province VALUES ('2205','22','Lamas')
 INSERT INTO Province VALUES ('2206','22','Mariscal Caceres')
 INSERT INTO Province VALUES ('2207','22','Picota')
 INSERT INTO Province VALUES ('2208','22','Rioja')
 INSERT INTO Province VALUES ('2209','22','San Martin')
 INSERT INTO Province VALUES ('2210','22','Tocache')
 INSERT INTO Province VALUES ('2301','23','Tacna')
 INSERT INTO Province VALUES ('2302','23','Candarave')
 INSERT INTO Province VALUES ('2303','23','Jorge Basadre')
 INSERT INTO Province VALUES ('2304','23','Tarata')
 INSERT INTO Province VALUES ('2401','24','Tumbes')
 INSERT INTO Province VALUES ('2402','24','Contralmirante Villar')
 INSERT INTO Province VALUES ('2403','24','Zarumilla')
 INSERT INTO Province VALUES ('2501','25','Coronel Portillo')
 INSERT INTO Province VALUES ('2502','25','Atalaya')
 INSERT INTO Province VALUES ('2503','25','Padre Abad')
 INSERT INTO Province VALUES ('2504','25','Purus')
 INSERT INTO Province VALUES ('A101','A1','Buenos Aires')
 INSERT INTO Province VALUES ('A102','A1','Mar de Plata')
 INSERT INTO Province VALUES ('A201','A2','Mendoza')
 INSERT INTO Province VALUES ('E101','E1','Madrid')
 INSERT INTO Province VALUES ('E201','E2','Sevilla')
 INSERT INTO Province VALUES ('E301','E3','Barcelona')
GO
 INSERT INTO Ubigeo VALUES ('010101','0101','01','Chachapoyas')
 INSERT INTO Ubigeo VALUES ('010102','0101','01','Asuncion')
 INSERT INTO Ubigeo VALUES ('010103','0101','01','Balsas')
 INSERT INTO Ubigeo VALUES ('010104','0101','01','Cheto')
 INSERT INTO Ubigeo VALUES ('010105','0101','01','Chiliquin')
 INSERT INTO Ubigeo VALUES ('010106','0101','01','Chuquibamba')
 INSERT INTO Ubigeo VALUES ('010107','0101','01','Granada')
 INSERT INTO Ubigeo VALUES ('010108','0101','01','Huancas')
 INSERT INTO Ubigeo VALUES ('010109','0101','01','La Jalca')
 INSERT INTO Ubigeo VALUES ('010110','0101','01','Leimebamba')
 INSERT INTO Ubigeo VALUES ('010111','0101','01','Levanto')
 INSERT INTO Ubigeo VALUES ('010112','0101','01','Magdalena')
 INSERT INTO Ubigeo VALUES ('010113','0101','01','Mariscal Castilla')
 INSERT INTO Ubigeo VALUES ('010114','0101','01','Molinopampa')
 INSERT INTO Ubigeo VALUES ('010115','0101','01','Montevideo')
 INSERT INTO Ubigeo VALUES ('010116','0101','01','Olleros')
 INSERT INTO Ubigeo VALUES ('010117','0101','01','Quinjalca')
 INSERT INTO Ubigeo VALUES ('010118','0101','01','San Francisco De Daguas')
 INSERT INTO Ubigeo VALUES ('010119','0101','01','San Isidro De Maino')
 INSERT INTO Ubigeo VALUES ('010120','0101','01','Soloco')
 INSERT INTO Ubigeo VALUES ('010121','0101','01','Sonche')
 INSERT INTO Ubigeo VALUES ('010201','0102','01','Bagua')
 INSERT INTO Ubigeo VALUES ('010202','0102','01','Aramango')
 INSERT INTO Ubigeo VALUES ('010203','0102','01','Copallin')
 INSERT INTO Ubigeo VALUES ('010204','0102','01','El Parco')
 INSERT INTO Ubigeo VALUES ('010205','0102','01','Imaza')
 INSERT INTO Ubigeo VALUES ('010206','0102','01','La Peca')
 INSERT INTO Ubigeo VALUES ('010301','0103','01','Jumbilla')
 INSERT INTO Ubigeo VALUES ('010302','0103','01','Chisquilla')
 INSERT INTO Ubigeo VALUES ('010303','0103','01','Churuja')
 INSERT INTO Ubigeo VALUES ('010304','0103','01','Corosha')
 INSERT INTO Ubigeo VALUES ('010305','0103','01','Cuispes')
 INSERT INTO Ubigeo VALUES ('010306','0103','01','Florida')
 INSERT INTO Ubigeo VALUES ('010307','0103','01','Jazan')
 INSERT INTO Ubigeo VALUES ('010308','0103','01','Recta')
 INSERT INTO Ubigeo VALUES ('010309','0103','01','San Carlos')
 INSERT INTO Ubigeo VALUES ('010310','0103','01','Shipasbamba')
 INSERT INTO Ubigeo VALUES ('010311','0103','01','Valera')
 INSERT INTO Ubigeo VALUES ('010312','0103','01','Yambrasbamba')
 INSERT INTO Ubigeo VALUES ('010401','0104','01','Nieva')
 INSERT INTO Ubigeo VALUES ('010402','0104','01','El Cenepa')
 INSERT INTO Ubigeo VALUES ('010403','0104','01','Rio Santiago')
 INSERT INTO Ubigeo VALUES ('010501','0105','01','Lamud')
 INSERT INTO Ubigeo VALUES ('010502','0105','01','Camporredondo')
 INSERT INTO Ubigeo VALUES ('010503','0105','01','Cocabamba')
 INSERT INTO Ubigeo VALUES ('010504','0105','01','Colcamar')
 INSERT INTO Ubigeo VALUES ('010505','0105','01','Conila')
 INSERT INTO Ubigeo VALUES ('010506','0105','01','Inguilpata')
 INSERT INTO Ubigeo VALUES ('010507','0105','01','Longuita')
 INSERT INTO Ubigeo VALUES ('010508','0105','01','Lonya Chico')
 INSERT INTO Ubigeo VALUES ('010509','0105','01','Luya')
 INSERT INTO Ubigeo VALUES ('010510','0105','01','Luya Viejo')
 INSERT INTO Ubigeo VALUES ('010511','0105','01','Maria')
 INSERT INTO Ubigeo VALUES ('010512','0105','01','Ocalli')
 INSERT INTO Ubigeo VALUES ('010513','0105','01','Ocumal')
 INSERT INTO Ubigeo VALUES ('010514','0105','01','Pisuquia')
 INSERT INTO Ubigeo VALUES ('010515','0105','01','Providencia')
 INSERT INTO Ubigeo VALUES ('010516','0105','01','San Cristobal')
 INSERT INTO Ubigeo VALUES ('010517','0105','01','San Francisco Del Yeso')
 INSERT INTO Ubigeo VALUES ('010518','0105','01','San Jeronimo')
 INSERT INTO Ubigeo VALUES ('010519','0105','01','San Juan De Lopecancha')
 INSERT INTO Ubigeo VALUES ('010520','0105','01','Santa Catalina')
 INSERT INTO Ubigeo VALUES ('010521','0105','01','Santo Tomas')
 INSERT INTO Ubigeo VALUES ('010522','0105','01','Tingo')
 INSERT INTO Ubigeo VALUES ('010523','0105','01','Trita')
 INSERT INTO Ubigeo VALUES ('010601','0106','01','San Nicolas')
 INSERT INTO Ubigeo VALUES ('010602','0106','01','Chirimoto')
 INSERT INTO Ubigeo VALUES ('010603','0106','01','Cochamal')
 INSERT INTO Ubigeo VALUES ('010604','0106','01','Huambo')
 INSERT INTO Ubigeo VALUES ('010605','0106','01','Limabamba')
 INSERT INTO Ubigeo VALUES ('010606','0106','01','Longar')
 INSERT INTO Ubigeo VALUES ('010607','0106','01','Mariscal Benavides')
 INSERT INTO Ubigeo VALUES ('010608','0106','01','Milpuc')
 INSERT INTO Ubigeo VALUES ('010609','0106','01','Omia')
 INSERT INTO Ubigeo VALUES ('010610','0106','01','Santa Rosa')
 INSERT INTO Ubigeo VALUES ('010611','0106','01','Totora')
 INSERT INTO Ubigeo VALUES ('010612','0106','01','Vista Alegre')
 INSERT INTO Ubigeo VALUES ('010701','0107','01','Bagua Grande')
 INSERT INTO Ubigeo VALUES ('010702','0107','01','Cajaruro')
 INSERT INTO Ubigeo VALUES ('010703','0107','01','Cumba')
 INSERT INTO Ubigeo VALUES ('010704','0107','01','El Milagro')
 INSERT INTO Ubigeo VALUES ('010705','0107','01','Jamalca')
 INSERT INTO Ubigeo VALUES ('010706','0107','01','Lonya Grande')
 INSERT INTO Ubigeo VALUES ('010707','0107','01','Yamon')
 INSERT INTO Ubigeo VALUES ('020101','0201','02','Huaraz')
 INSERT INTO Ubigeo VALUES ('020102','0201','02','Cochabamba')
 INSERT INTO Ubigeo VALUES ('020103','0201','02','Colcabamba')
 INSERT INTO Ubigeo VALUES ('020104','0201','02','Huanchay')
 INSERT INTO Ubigeo VALUES ('020105','0201','02','Independencia')
 INSERT INTO Ubigeo VALUES ('020106','0201','02','Jangas')
 INSERT INTO Ubigeo VALUES ('020107','0201','02','La Libertad')
 INSERT INTO Ubigeo VALUES ('020108','0201','02','Olleros')
 INSERT INTO Ubigeo VALUES ('020109','0201','02','Pampas Grande')
 INSERT INTO Ubigeo VALUES ('020110','0201','02','Pariacoto')
 INSERT INTO Ubigeo VALUES ('020111','0201','02','Pira')
 INSERT INTO Ubigeo VALUES ('020112','0201','02','Tarica')
 INSERT INTO Ubigeo VALUES ('020201','0202','02','Aija')
 INSERT INTO Ubigeo VALUES ('020202','0202','02','Coris')
 INSERT INTO Ubigeo VALUES ('020203','0202','02','Huacllan')
 INSERT INTO Ubigeo VALUES ('020204','0202','02','La Merced')
 INSERT INTO Ubigeo VALUES ('020205','0202','02','Succha')
 INSERT INTO Ubigeo VALUES ('020301','0203','02','Llamellin')
 INSERT INTO Ubigeo VALUES ('020302','0203','02','Aczo')
 INSERT INTO Ubigeo VALUES ('020303','0203','02','Chaccho')
 INSERT INTO Ubigeo VALUES ('020304','0203','02','Chingas')
 INSERT INTO Ubigeo VALUES ('020305','0203','02','Mirgas')
 INSERT INTO Ubigeo VALUES ('020306','0203','02','San Juan De Rontoy')
 INSERT INTO Ubigeo VALUES ('020401','0204','02','Chacas')
 INSERT INTO Ubigeo VALUES ('020402','0204','02','Acochaca')
 INSERT INTO Ubigeo VALUES ('020501','0205','02','Chiquian')
 INSERT INTO Ubigeo VALUES ('020502','0205','02','Abelardo Pardo Lezameta')
 INSERT INTO Ubigeo VALUES ('020503','0205','02','Antonio Raymondi')
 INSERT INTO Ubigeo VALUES ('020504','0205','02','Aquia')
 INSERT INTO Ubigeo VALUES ('020505','0205','02','Cajacay')
 INSERT INTO Ubigeo VALUES ('020506','0205','02','Canis')
 INSERT INTO Ubigeo VALUES ('020507','0205','02','Colquioc')
 INSERT INTO Ubigeo VALUES ('020508','0205','02','Huallanca')
 INSERT INTO Ubigeo VALUES ('020509','0205','02','Huasta')
 INSERT INTO Ubigeo VALUES ('020510','0205','02','Huayllacayan')
 INSERT INTO Ubigeo VALUES ('020511','0205','02','La Primavera')
 INSERT INTO Ubigeo VALUES ('020512','0205','02','Mangas')
 INSERT INTO Ubigeo VALUES ('020513','0205','02','Pacllon')
 INSERT INTO Ubigeo VALUES ('020514','0205','02','San Miguel De Corpanqui')
 INSERT INTO Ubigeo VALUES ('020515','0205','02','Ticllos')
 INSERT INTO Ubigeo VALUES ('020601','0206','02','Carhuaz')
 INSERT INTO Ubigeo VALUES ('020602','0206','02','Acopampa')
 INSERT INTO Ubigeo VALUES ('020603','0206','02','Amashca')
 INSERT INTO Ubigeo VALUES ('020604','0206','02','Anta')
 INSERT INTO Ubigeo VALUES ('020605','0206','02','Ataquero')
 INSERT INTO Ubigeo VALUES ('020606','0206','02','Marcara')
 INSERT INTO Ubigeo VALUES ('020607','0206','02','Pariahuanca')
 INSERT INTO Ubigeo VALUES ('020608','0206','02','San Miguel De Aco')
 INSERT INTO Ubigeo VALUES ('020609','0206','02','Shilla')
 INSERT INTO Ubigeo VALUES ('020610','0206','02','Tinco')
 INSERT INTO Ubigeo VALUES ('020611','0206','02','Yungar')
 INSERT INTO Ubigeo VALUES ('020701','0207','02','San Luis')
 INSERT INTO Ubigeo VALUES ('020702','0207','02','San Nicolas')
 INSERT INTO Ubigeo VALUES ('020703','0207','02','Yauya')
 INSERT INTO Ubigeo VALUES ('020801','0208','02','Casma')
 INSERT INTO Ubigeo VALUES ('020802','0208','02','Buena Vista Alta')
 INSERT INTO Ubigeo VALUES ('020803','0208','02','Comandante Noel')
 INSERT INTO Ubigeo VALUES ('020804','0208','02','Yautan')
 INSERT INTO Ubigeo VALUES ('020901','0209','02','Corongo')
 INSERT INTO Ubigeo VALUES ('020902','0209','02','Aco')
 INSERT INTO Ubigeo VALUES ('020903','0209','02','Bambas')
 INSERT INTO Ubigeo VALUES ('020904','0209','02','Cusca')
 INSERT INTO Ubigeo VALUES ('020905','0209','02','La Pampa')
 INSERT INTO Ubigeo VALUES ('020906','0209','02','Yanac')
 INSERT INTO Ubigeo VALUES ('020907','0209','02','Yupan')
 INSERT INTO Ubigeo VALUES ('021001','0210','02','Huari')
 INSERT INTO Ubigeo VALUES ('021002','0210','02','Anra')
 INSERT INTO Ubigeo VALUES ('021003','0210','02','Cajay')
 INSERT INTO Ubigeo VALUES ('021004','0210','02','Chavin De Huantar')
 INSERT INTO Ubigeo VALUES ('021005','0210','02','Huacachi')
 INSERT INTO Ubigeo VALUES ('021006','0210','02','Huacchis')
 INSERT INTO Ubigeo VALUES ('021007','0210','02','Huachis')
 INSERT INTO Ubigeo VALUES ('021008','0210','02','Huantar')
 INSERT INTO Ubigeo VALUES ('021009','0210','02','Masin')
 INSERT INTO Ubigeo VALUES ('021010','0210','02','Paucas')
 INSERT INTO Ubigeo VALUES ('021011','0210','02','Ponto')
 INSERT INTO Ubigeo VALUES ('021012','0210','02','Rahuapampa')
 INSERT INTO Ubigeo VALUES ('021013','0210','02','Rapayan')
 INSERT INTO Ubigeo VALUES ('021014','0210','02','San Marcos')
 INSERT INTO Ubigeo VALUES ('021015','0210','02','San Pedro De Chana')
 INSERT INTO Ubigeo VALUES ('021016','0210','02','Uco')
 INSERT INTO Ubigeo VALUES ('021101','0211','02','Huarmey')
 INSERT INTO Ubigeo VALUES ('021102','0211','02','Cochapeti')
 INSERT INTO Ubigeo VALUES ('021103','0211','02','Culebras')
 INSERT INTO Ubigeo VALUES ('021104','0211','02','Huayan')
 INSERT INTO Ubigeo VALUES ('021105','0211','02','Malvas')
 INSERT INTO Ubigeo VALUES ('021201','0212','02','Caraz')
 INSERT INTO Ubigeo VALUES ('021202','0212','02','Huallanca')
 INSERT INTO Ubigeo VALUES ('021203','0212','02','Huata')
 INSERT INTO Ubigeo VALUES ('021204','0212','02','Huaylas')
 INSERT INTO Ubigeo VALUES ('021205','0212','02','Mato')
 INSERT INTO Ubigeo VALUES ('021206','0212','02','Pamparomas')
 INSERT INTO Ubigeo VALUES ('021207','0212','02','Pueblo Libre')
 INSERT INTO Ubigeo VALUES ('021208','0212','02','Santa Cruz')
 INSERT INTO Ubigeo VALUES ('021209','0212','02','Santo Toribio')
 INSERT INTO Ubigeo VALUES ('021210','0212','02','Yuracmarca')
 INSERT INTO Ubigeo VALUES ('021301','0213','02','Piscobamba')
 INSERT INTO Ubigeo VALUES ('021302','0213','02','Casca')
 INSERT INTO Ubigeo VALUES ('021303','0213','02','Eleazar Guzman Barron')
 INSERT INTO Ubigeo VALUES ('021304','0213','02','Fidel Olivas Escudero')
 INSERT INTO Ubigeo VALUES ('021305','0213','02','Llama')
 INSERT INTO Ubigeo VALUES ('021306','0213','02','Llumpa')
 INSERT INTO Ubigeo VALUES ('021307','0213','02','Lucma')
 INSERT INTO Ubigeo VALUES ('021308','0213','02','Musga')
 INSERT INTO Ubigeo VALUES ('021401','0214','02','Ocros')
 INSERT INTO Ubigeo VALUES ('021402','0214','02','Acas')
 INSERT INTO Ubigeo VALUES ('021403','0214','02','Cajamarquilla')
 INSERT INTO Ubigeo VALUES ('021404','0214','02','Carhuapampa')
 INSERT INTO Ubigeo VALUES ('021405','0214','02','Cochas')
 INSERT INTO Ubigeo VALUES ('021406','0214','02','Congas')
 INSERT INTO Ubigeo VALUES ('021407','0214','02','Llipa')
 INSERT INTO Ubigeo VALUES ('021408','0214','02','San Cristobal De Rajan')
 INSERT INTO Ubigeo VALUES ('021409','0214','02','San Pedro')
 INSERT INTO Ubigeo VALUES ('021410','0214','02','Santiago De Chilcas')
 INSERT INTO Ubigeo VALUES ('021501','0215','02','Cabana')
 INSERT INTO Ubigeo VALUES ('021502','0215','02','Bolognesi')
 INSERT INTO Ubigeo VALUES ('021503','0215','02','Conchucos')
 INSERT INTO Ubigeo VALUES ('021504','0215','02','Huacaschuque')
 INSERT INTO Ubigeo VALUES ('021505','0215','02','Huandoval')
 INSERT INTO Ubigeo VALUES ('021506','0215','02','Lacabamba')
 INSERT INTO Ubigeo VALUES ('021507','0215','02','Llapo')
 INSERT INTO Ubigeo VALUES ('021508','0215','02','Pallasca')
 INSERT INTO Ubigeo VALUES ('021509','0215','02','Pampas')
 INSERT INTO Ubigeo VALUES ('021510','0215','02','Santa Rosa')
 INSERT INTO Ubigeo VALUES ('021511','0215','02','Tauca')
 INSERT INTO Ubigeo VALUES ('021601','0216','02','Pomabamba')
 INSERT INTO Ubigeo VALUES ('021602','0216','02','Huayllan')
 INSERT INTO Ubigeo VALUES ('021603','0216','02','Parobamba')
 INSERT INTO Ubigeo VALUES ('021604','0216','02','Quinuabamba')
 INSERT INTO Ubigeo VALUES ('021701','0217','02','Recuay')
 INSERT INTO Ubigeo VALUES ('021702','0217','02','Catac')
 INSERT INTO Ubigeo VALUES ('021703','0217','02','Cotaparaco')
 INSERT INTO Ubigeo VALUES ('021704','0217','02','Huayllapampa')
 INSERT INTO Ubigeo VALUES ('021705','0217','02','Llacllin')
 INSERT INTO Ubigeo VALUES ('021706','0217','02','Marca')
 INSERT INTO Ubigeo VALUES ('021707','0217','02','Pampas Chico')
 INSERT INTO Ubigeo VALUES ('021708','0217','02','Pararin')
 INSERT INTO Ubigeo VALUES ('021709','0217','02','Tapacocha')
 INSERT INTO Ubigeo VALUES ('021710','0217','02','Ticapampa')
 INSERT INTO Ubigeo VALUES ('021801','0218','02','Chimbote')
 INSERT INTO Ubigeo VALUES ('021802','0218','02','Caceres Del Peru')
 INSERT INTO Ubigeo VALUES ('021803','0218','02','Coishco')
 INSERT INTO Ubigeo VALUES ('021804','0218','02','Macate')
 INSERT INTO Ubigeo VALUES ('021805','0218','02','Moro')
 INSERT INTO Ubigeo VALUES ('021806','0218','02','Nepeña')
 INSERT INTO Ubigeo VALUES ('021807','0218','02','Samanco')
 INSERT INTO Ubigeo VALUES ('021808','0218','02','Santa')
 INSERT INTO Ubigeo VALUES ('021809','0218','02','Nuevo Chimbote')
 INSERT INTO Ubigeo VALUES ('021901','0219','02','Sihuas')
 INSERT INTO Ubigeo VALUES ('021902','0219','02','Acobamba')
 INSERT INTO Ubigeo VALUES ('021903','0219','02','Alfonso Ugarte')
 INSERT INTO Ubigeo VALUES ('021904','0219','02','Cashapampa')
 INSERT INTO Ubigeo VALUES ('021905','0219','02','Chingalpo')
 INSERT INTO Ubigeo VALUES ('021906','0219','02','Huayllabamba')
 INSERT INTO Ubigeo VALUES ('021907','0219','02','Quiches')
 INSERT INTO Ubigeo VALUES ('021908','0219','02','Ragash')
 INSERT INTO Ubigeo VALUES ('021909','0219','02','San Juan')
 INSERT INTO Ubigeo VALUES ('021910','0219','02','Sicsibamba')
 INSERT INTO Ubigeo VALUES ('022001','0220','02','Yungay')
 INSERT INTO Ubigeo VALUES ('022002','0220','02','Cascapara')
 INSERT INTO Ubigeo VALUES ('022003','0220','02','Mancos')
 INSERT INTO Ubigeo VALUES ('022004','0220','02','Matacoto')
 INSERT INTO Ubigeo VALUES ('022005','0220','02','Quillo')
 INSERT INTO Ubigeo VALUES ('022006','0220','02','Ranrahirca')
 INSERT INTO Ubigeo VALUES ('022007','0220','02','Shupluy')
 INSERT INTO Ubigeo VALUES ('022008','0220','02','Yanama')
 INSERT INTO Ubigeo VALUES ('030101','0301','03','Abancay')
 INSERT INTO Ubigeo VALUES ('030102','0301','03','Chacoche')
 INSERT INTO Ubigeo VALUES ('030103','0301','03','Circa')
 INSERT INTO Ubigeo VALUES ('030104','0301','03','Curahuasi')
 INSERT INTO Ubigeo VALUES ('030105','0301','03','Huanipaca')
 INSERT INTO Ubigeo VALUES ('030106','0301','03','Lambrama')
 INSERT INTO Ubigeo VALUES ('030107','0301','03','Pichirhua')
 INSERT INTO Ubigeo VALUES ('030108','0301','03','San Pedro De Cachora')
 INSERT INTO Ubigeo VALUES ('030109','0301','03','Tamburco')
 INSERT INTO Ubigeo VALUES ('030201','0302','03','Andahuaylas')
 INSERT INTO Ubigeo VALUES ('030202','0302','03','Andarapa')
 INSERT INTO Ubigeo VALUES ('030203','0302','03','Chiara')
 INSERT INTO Ubigeo VALUES ('030204','0302','03','Huancarama')
 INSERT INTO Ubigeo VALUES ('030205','0302','03','Huancaray')
 INSERT INTO Ubigeo VALUES ('030206','0302','03','Huayana')
 INSERT INTO Ubigeo VALUES ('030207','0302','03','Kishuara')
 INSERT INTO Ubigeo VALUES ('030208','0302','03','Pacobamba')
 INSERT INTO Ubigeo VALUES ('030209','0302','03','Pacucha')
 INSERT INTO Ubigeo VALUES ('030210','0302','03','Pampachiri')
 INSERT INTO Ubigeo VALUES ('030211','0302','03','Pomacocha')
 INSERT INTO Ubigeo VALUES ('030212','0302','03','San Antonio De Cachi')
 INSERT INTO Ubigeo VALUES ('030213','0302','03','San Jeronimo')
 INSERT INTO Ubigeo VALUES ('030214','0302','03','San Miguel De Chaccrampa')
 INSERT INTO Ubigeo VALUES ('030215','0302','03','Santa Maria De Chicmo')
 INSERT INTO Ubigeo VALUES ('030216','0302','03','Talavera')
 INSERT INTO Ubigeo VALUES ('030217','0302','03','Tumay Huaraca')
 INSERT INTO Ubigeo VALUES ('030218','0302','03','Turpo')
 INSERT INTO Ubigeo VALUES ('030219','0302','03','Kaquiabamba')
 INSERT INTO Ubigeo VALUES ('030220','0302','03','Jose Maria Arguedas')
 INSERT INTO Ubigeo VALUES ('030301','0303','03','Antabamba')
 INSERT INTO Ubigeo VALUES ('030302','0303','03','El Oro')
 INSERT INTO Ubigeo VALUES ('030303','0303','03','Huaquirca')
 INSERT INTO Ubigeo VALUES ('030304','0303','03','Juan Espinoza Medrano')
 INSERT INTO Ubigeo VALUES ('030305','0303','03','Oropesa')
 INSERT INTO Ubigeo VALUES ('030306','0303','03','Pachaconas')
 INSERT INTO Ubigeo VALUES ('030307','0303','03','Sabaino')
 INSERT INTO Ubigeo VALUES ('030401','0304','03','Chalhuanca')
 INSERT INTO Ubigeo VALUES ('030402','0304','03','Capaya')
 INSERT INTO Ubigeo VALUES ('030403','0304','03','Caraybamba')
 INSERT INTO Ubigeo VALUES ('030404','0304','03','Chapimarca')
 INSERT INTO Ubigeo VALUES ('030405','0304','03','Colcabamba')
 INSERT INTO Ubigeo VALUES ('030406','0304','03','Cotaruse')
 INSERT INTO Ubigeo VALUES ('030407','0304','03','Ihuayllo')
 INSERT INTO Ubigeo VALUES ('030408','0304','03','Justo Apu Sahuaraura')
 INSERT INTO Ubigeo VALUES ('030409','0304','03','Lucre')
 INSERT INTO Ubigeo VALUES ('030410','0304','03','Pocohuanca')
 INSERT INTO Ubigeo VALUES ('030411','0304','03','San Juan De Chacña')
 INSERT INTO Ubigeo VALUES ('030412','0304','03','Sañayca')
 INSERT INTO Ubigeo VALUES ('030413','0304','03','Soraya')
 INSERT INTO Ubigeo VALUES ('030414','0304','03','Tapairihua')
 INSERT INTO Ubigeo VALUES ('030415','0304','03','Tintay')
 INSERT INTO Ubigeo VALUES ('030416','0304','03','Toraya')
 INSERT INTO Ubigeo VALUES ('030417','0304','03','Yanaca')
 INSERT INTO Ubigeo VALUES ('030501','0305','03','Tambobamba')
 INSERT INTO Ubigeo VALUES ('030502','0305','03','Cotabambas')
 INSERT INTO Ubigeo VALUES ('030503','0305','03','Coyllurqui')
 INSERT INTO Ubigeo VALUES ('030504','0305','03','Haquira')
 INSERT INTO Ubigeo VALUES ('030505','0305','03','Mara')
 INSERT INTO Ubigeo VALUES ('030506','0305','03','Challhuahuacho')
 INSERT INTO Ubigeo VALUES ('030601','0306','03','Chincheros')
 INSERT INTO Ubigeo VALUES ('030602','0306','03','Anco_huallo')
 INSERT INTO Ubigeo VALUES ('030603','0306','03','Cocharcas')
 INSERT INTO Ubigeo VALUES ('030604','0306','03','Huaccana')
 INSERT INTO Ubigeo VALUES ('030605','0306','03','Ocobamba')
 INSERT INTO Ubigeo VALUES ('030606','0306','03','Ongoy')
 INSERT INTO Ubigeo VALUES ('030607','0306','03','Uranmarca')
 INSERT INTO Ubigeo VALUES ('030608','0306','03','Ranracancha')
 INSERT INTO Ubigeo VALUES ('030609','0306','03','Rocchacc')
 INSERT INTO Ubigeo VALUES ('030610','0306','03','El Porvenir')
 INSERT INTO Ubigeo VALUES ('030611','0306','03','Los Chankas')
 INSERT INTO Ubigeo VALUES ('030701','0307','03','Chuquibambilla')
 INSERT INTO Ubigeo VALUES ('030702','0307','03','Curpahuasi')
 INSERT INTO Ubigeo VALUES ('030703','0307','03','Gamarra')
 INSERT INTO Ubigeo VALUES ('030704','0307','03','Huayllati')
 INSERT INTO Ubigeo VALUES ('030705','0307','03','Mamara')
 INSERT INTO Ubigeo VALUES ('030706','0307','03','Micaela Bastidas')
 INSERT INTO Ubigeo VALUES ('030707','0307','03','Pataypampa')
 INSERT INTO Ubigeo VALUES ('030708','0307','03','Progreso')
 INSERT INTO Ubigeo VALUES ('030709','0307','03','San Antonio')
 INSERT INTO Ubigeo VALUES ('030710','0307','03','Santa Rosa')
 INSERT INTO Ubigeo VALUES ('030711','0307','03','Turpay')
 INSERT INTO Ubigeo VALUES ('030712','0307','03','Vilcabamba')
 INSERT INTO Ubigeo VALUES ('030713','0307','03','Virundo')
 INSERT INTO Ubigeo VALUES ('030714','0307','03','Curasco')
 INSERT INTO Ubigeo VALUES ('040101','0401','04','Arequipa')
 INSERT INTO Ubigeo VALUES ('040102','0401','04','Alto Selva Alegre')
 INSERT INTO Ubigeo VALUES ('040103','0401','04','Cayma')
 INSERT INTO Ubigeo VALUES ('040104','0401','04','Cerro Colorado')
 INSERT INTO Ubigeo VALUES ('040105','0401','04','Characato')
 INSERT INTO Ubigeo VALUES ('040106','0401','04','Chiguata')
 INSERT INTO Ubigeo VALUES ('040107','0401','04','Jacobo Hunter')
 INSERT INTO Ubigeo VALUES ('040108','0401','04','La Joya')
 INSERT INTO Ubigeo VALUES ('040109','0401','04','Mariano Melgar')
 INSERT INTO Ubigeo VALUES ('040110','0401','04','Miraflores')
 INSERT INTO Ubigeo VALUES ('040111','0401','04','Mollebaya')
 INSERT INTO Ubigeo VALUES ('040112','0401','04','Paucarpata')
 INSERT INTO Ubigeo VALUES ('040113','0401','04','Pocsi')
 INSERT INTO Ubigeo VALUES ('040114','0401','04','Polobaya')
 INSERT INTO Ubigeo VALUES ('040115','0401','04','Quequeña')
 INSERT INTO Ubigeo VALUES ('040116','0401','04','Sabandia')
 INSERT INTO Ubigeo VALUES ('040117','0401','04','Sachaca')
 INSERT INTO Ubigeo VALUES ('040118','0401','04','San Juan De Siguas')
 INSERT INTO Ubigeo VALUES ('040119','0401','04','San Juan De Tarucani')
 INSERT INTO Ubigeo VALUES ('040120','0401','04','Santa Isabel De Siguas')
 INSERT INTO Ubigeo VALUES ('040121','0401','04','Santa Rita De Siguas')
 INSERT INTO Ubigeo VALUES ('040122','0401','04','Socabaya')
 INSERT INTO Ubigeo VALUES ('040123','0401','04','Tiabaya')
 INSERT INTO Ubigeo VALUES ('040124','0401','04','Uchumayo')
 INSERT INTO Ubigeo VALUES ('040125','0401','04','Vitor')
 INSERT INTO Ubigeo VALUES ('040126','0401','04','Yanahuara')
 INSERT INTO Ubigeo VALUES ('040127','0401','04','Yarabamba')
 INSERT INTO Ubigeo VALUES ('040128','0401','04','Yura')
 INSERT INTO Ubigeo VALUES ('040129','0401','04','Jose Luis Bustamante Y Rivero')
 INSERT INTO Ubigeo VALUES ('040201','0402','04','Camana')
 INSERT INTO Ubigeo VALUES ('040202','0402','04','Jose Maria Quimper')
 INSERT INTO Ubigeo VALUES ('040203','0402','04','Mariano Nicolas Valcarcel')
 INSERT INTO Ubigeo VALUES ('040204','0402','04','Mariscal Caceres')
 INSERT INTO Ubigeo VALUES ('040205','0402','04','Nicolas De Pierola')
 INSERT INTO Ubigeo VALUES ('040206','0402','04','Ocoña')
 INSERT INTO Ubigeo VALUES ('040207','0402','04','Quilca')
 INSERT INTO Ubigeo VALUES ('040208','0402','04','Samuel Pastor')
 INSERT INTO Ubigeo VALUES ('040301','0403','04','Caraveli')
 INSERT INTO Ubigeo VALUES ('040302','0403','04','Acari')
 INSERT INTO Ubigeo VALUES ('040303','0403','04','Atico')
 INSERT INTO Ubigeo VALUES ('040304','0403','04','Atiquipa')
 INSERT INTO Ubigeo VALUES ('040305','0403','04','Bella Union')
 INSERT INTO Ubigeo VALUES ('040306','0403','04','Cahuacho')
 INSERT INTO Ubigeo VALUES ('040307','0403','04','Chala')
 INSERT INTO Ubigeo VALUES ('040308','0403','04','Chaparra')
 INSERT INTO Ubigeo VALUES ('040309','0403','04','Huanuhuanu')
 INSERT INTO Ubigeo VALUES ('040310','0403','04','Jaqui')
 INSERT INTO Ubigeo VALUES ('040311','0403','04','Lomas')
 INSERT INTO Ubigeo VALUES ('040312','0403','04','Quicacha')
 INSERT INTO Ubigeo VALUES ('040313','0403','04','Yauca')
 INSERT INTO Ubigeo VALUES ('040401','0404','04','Aplao')
 INSERT INTO Ubigeo VALUES ('040402','0404','04','Andagua')
 INSERT INTO Ubigeo VALUES ('040403','0404','04','Ayo')
 INSERT INTO Ubigeo VALUES ('040404','0404','04','Chachas')
 INSERT INTO Ubigeo VALUES ('040405','0404','04','Chilcaymarca')
 INSERT INTO Ubigeo VALUES ('040406','0404','04','Choco')
 INSERT INTO Ubigeo VALUES ('040407','0404','04','Huancarqui')
 INSERT INTO Ubigeo VALUES ('040408','0404','04','Machaguay')
 INSERT INTO Ubigeo VALUES ('040409','0404','04','Orcopampa')
 INSERT INTO Ubigeo VALUES ('040410','0404','04','Pampacolca')
 INSERT INTO Ubigeo VALUES ('040411','0404','04','Tipan')
 INSERT INTO Ubigeo VALUES ('040412','0404','04','Uñon')
 INSERT INTO Ubigeo VALUES ('040413','0404','04','Uraca')
 INSERT INTO Ubigeo VALUES ('040414','0404','04','Viraco')
 INSERT INTO Ubigeo VALUES ('040501','0405','04','Chivay')
 INSERT INTO Ubigeo VALUES ('040502','0405','04','Achoma')
 INSERT INTO Ubigeo VALUES ('040503','0405','04','Cabanaconde')
 INSERT INTO Ubigeo VALUES ('040504','0405','04','Callalli')
 INSERT INTO Ubigeo VALUES ('040505','0405','04','Caylloma')
 INSERT INTO Ubigeo VALUES ('040506','0405','04','Coporaque')
 INSERT INTO Ubigeo VALUES ('040507','0405','04','Huambo')
 INSERT INTO Ubigeo VALUES ('040508','0405','04','Huanca')
 INSERT INTO Ubigeo VALUES ('040509','0405','04','Ichupampa')
 INSERT INTO Ubigeo VALUES ('040510','0405','04','Lari')
 INSERT INTO Ubigeo VALUES ('040511','0405','04','Lluta')
 INSERT INTO Ubigeo VALUES ('040512','0405','04','Maca')
 INSERT INTO Ubigeo VALUES ('040513','0405','04','Madrigal')
 INSERT INTO Ubigeo VALUES ('040514','0405','04','San Antonio De Chuca')
 INSERT INTO Ubigeo VALUES ('040515','0405','04','Sibayo')
 INSERT INTO Ubigeo VALUES ('040516','0405','04','Tapay')
 INSERT INTO Ubigeo VALUES ('040517','0405','04','Tisco')
 INSERT INTO Ubigeo VALUES ('040518','0405','04','Tuti')
 INSERT INTO Ubigeo VALUES ('040519','0405','04','Yanque')
 INSERT INTO Ubigeo VALUES ('040520','0405','04','Majes')
 INSERT INTO Ubigeo VALUES ('040601','0406','04','Chuquibamba')
 INSERT INTO Ubigeo VALUES ('040602','0406','04','Andaray')
 INSERT INTO Ubigeo VALUES ('040603','0406','04','Cayarani')
 INSERT INTO Ubigeo VALUES ('040604','0406','04','Chichas')
 INSERT INTO Ubigeo VALUES ('040605','0406','04','Iray')
 INSERT INTO Ubigeo VALUES ('040606','0406','04','Rio Grande')
 INSERT INTO Ubigeo VALUES ('040607','0406','04','Salamanca')
 INSERT INTO Ubigeo VALUES ('040608','0406','04','Yanaquihua')
 INSERT INTO Ubigeo VALUES ('040701','0407','04','Mollendo')
 INSERT INTO Ubigeo VALUES ('040702','0407','04','Cocachacra')
 INSERT INTO Ubigeo VALUES ('040703','0407','04','Dean Valdivia')
 INSERT INTO Ubigeo VALUES ('040704','0407','04','Islay')
 INSERT INTO Ubigeo VALUES ('040705','0407','04','Mejia')
 INSERT INTO Ubigeo VALUES ('040706','0407','04','Punta De Bombon')
 INSERT INTO Ubigeo VALUES ('040801','0408','04','Cotahuasi')
 INSERT INTO Ubigeo VALUES ('040802','0408','04','Alca')
 INSERT INTO Ubigeo VALUES ('040803','0408','04','Charcana')
 INSERT INTO Ubigeo VALUES ('040804','0408','04','Huaynacotas')
 INSERT INTO Ubigeo VALUES ('040805','0408','04','Pampamarca')
 INSERT INTO Ubigeo VALUES ('040806','0408','04','Puyca')
 INSERT INTO Ubigeo VALUES ('040807','0408','04','Quechualla')
 INSERT INTO Ubigeo VALUES ('040808','0408','04','Sayla')
 INSERT INTO Ubigeo VALUES ('040809','0408','04','Tauria')
 INSERT INTO Ubigeo VALUES ('040810','0408','04','Tomepampa')
 INSERT INTO Ubigeo VALUES ('040811','0408','04','Toro')
 INSERT INTO Ubigeo VALUES ('050101','0501','05','Ayacucho')
 INSERT INTO Ubigeo VALUES ('050102','0501','05','Acocro')
 INSERT INTO Ubigeo VALUES ('050103','0501','05','Acos Vinchos')
 INSERT INTO Ubigeo VALUES ('050104','0501','05','Carmen Alto')
 INSERT INTO Ubigeo VALUES ('050105','0501','05','Chiara')
 INSERT INTO Ubigeo VALUES ('050106','0501','05','Ocros')
 INSERT INTO Ubigeo VALUES ('050107','0501','05','Pacaycasa')
 INSERT INTO Ubigeo VALUES ('050108','0501','05','Quinua')
 INSERT INTO Ubigeo VALUES ('050109','0501','05','San Jose De Ticllas')
 INSERT INTO Ubigeo VALUES ('050110','0501','05','San Juan Bautista')
 INSERT INTO Ubigeo VALUES ('050111','0501','05','Santiago De Pischa')
 INSERT INTO Ubigeo VALUES ('050112','0501','05','Socos')
 INSERT INTO Ubigeo VALUES ('050113','0501','05','Tambillo')
 INSERT INTO Ubigeo VALUES ('050114','0501','05','Vinchos')
 INSERT INTO Ubigeo VALUES ('050115','0501','05','Jesus Nazareno')
 INSERT INTO Ubigeo VALUES ('050116','0501','05','Andres Avelino Caceres Dorregaray')
 INSERT INTO Ubigeo VALUES ('050201','0502','05','Cangallo')
 INSERT INTO Ubigeo VALUES ('050202','0502','05','Chuschi')
 INSERT INTO Ubigeo VALUES ('050203','0502','05','Los Morochucos')
 INSERT INTO Ubigeo VALUES ('050204','0502','05','Maria Parado De Bellido')
 INSERT INTO Ubigeo VALUES ('050205','0502','05','Paras')
 INSERT INTO Ubigeo VALUES ('050206','0502','05','Totos')
 INSERT INTO Ubigeo VALUES ('050301','0503','05','Sancos')
 INSERT INTO Ubigeo VALUES ('050302','0503','05','Carapo')
 INSERT INTO Ubigeo VALUES ('050303','0503','05','Sacsamarca')
 INSERT INTO Ubigeo VALUES ('050304','0503','05','Santiago De Lucanamarca')
 INSERT INTO Ubigeo VALUES ('050401','0504','05','Huanta')
 INSERT INTO Ubigeo VALUES ('050402','0504','05','Ayahuanco')
 INSERT INTO Ubigeo VALUES ('050403','0504','05','Huamanguilla')
 INSERT INTO Ubigeo VALUES ('050404','0504','05','Iguain')
 INSERT INTO Ubigeo VALUES ('050405','0504','05','Luricocha')
 INSERT INTO Ubigeo VALUES ('050406','0504','05','Santillana')
 INSERT INTO Ubigeo VALUES ('050407','0504','05','Sivia')
 INSERT INTO Ubigeo VALUES ('050408','0504','05','Llochegua')
 INSERT INTO Ubigeo VALUES ('050409','0504','05','Canayre')
 INSERT INTO Ubigeo VALUES ('050410','0504','05','Uchuraccay')
 INSERT INTO Ubigeo VALUES ('050411','0504','05','Pucacolpa')
 INSERT INTO Ubigeo VALUES ('050412','0504','05','Chaca')
 INSERT INTO Ubigeo VALUES ('050501','0505','05','San Miguel')
 INSERT INTO Ubigeo VALUES ('050502','0505','05','Anco')
 INSERT INTO Ubigeo VALUES ('050503','0505','05','Ayna')
 INSERT INTO Ubigeo VALUES ('050504','0505','05','Chilcas')
 INSERT INTO Ubigeo VALUES ('050505','0505','05','Chungui')
 INSERT INTO Ubigeo VALUES ('050506','0505','05','Luis Carranza')
 INSERT INTO Ubigeo VALUES ('050507','0505','05','Santa Rosa')
 INSERT INTO Ubigeo VALUES ('050508','0505','05','Tambo')
 INSERT INTO Ubigeo VALUES ('050509','0505','05','Samugari')
 INSERT INTO Ubigeo VALUES ('050510','0505','05','Anchihuay')
 INSERT INTO Ubigeo VALUES ('050511','0505','05','Oronccoy')
 INSERT INTO Ubigeo VALUES ('050601','0506','05','Puquio')
 INSERT INTO Ubigeo VALUES ('050602','0506','05','Aucara')
 INSERT INTO Ubigeo VALUES ('050603','0506','05','Cabana')
 INSERT INTO Ubigeo VALUES ('050604','0506','05','Carmen Salcedo')
 INSERT INTO Ubigeo VALUES ('050605','0506','05','Chaviña')
 INSERT INTO Ubigeo VALUES ('050606','0506','05','Chipao')
 INSERT INTO Ubigeo VALUES ('050607','0506','05','HuaC-Huas')
 INSERT INTO Ubigeo VALUES ('050608','0506','05','Laramate')
 INSERT INTO Ubigeo VALUES ('050609','0506','05','Leoncio Prado')
 INSERT INTO Ubigeo VALUES ('050610','0506','05','Llauta')
 INSERT INTO Ubigeo VALUES ('050611','0506','05','Lucanas')
 INSERT INTO Ubigeo VALUES ('050612','0506','05','Ocaña')
 INSERT INTO Ubigeo VALUES ('050613','0506','05','Otoca')
 INSERT INTO Ubigeo VALUES ('050614','0506','05','Saisa')
 INSERT INTO Ubigeo VALUES ('050615','0506','05','San Cristobal')
 INSERT INTO Ubigeo VALUES ('050616','0506','05','San Juan')
 INSERT INTO Ubigeo VALUES ('050617','0506','05','San Pedro')
 INSERT INTO Ubigeo VALUES ('050618','0506','05','San Pedro De Palco')
 INSERT INTO Ubigeo VALUES ('050619','0506','05','Sancos')
 INSERT INTO Ubigeo VALUES ('050620','0506','05','Santa Ana De Huaycahuacho')
 INSERT INTO Ubigeo VALUES ('050621','0506','05','Santa Lucia')
 INSERT INTO Ubigeo VALUES ('050701','0507','05','Coracora')
 INSERT INTO Ubigeo VALUES ('050702','0507','05','Chumpi')
 INSERT INTO Ubigeo VALUES ('050703','0507','05','Coronel Castañeda')
 INSERT INTO Ubigeo VALUES ('050704','0507','05','Pacapausa')
 INSERT INTO Ubigeo VALUES ('050705','0507','05','Pullo')
 INSERT INTO Ubigeo VALUES ('050706','0507','05','Puyusca')
 INSERT INTO Ubigeo VALUES ('050707','0507','05','San Francisco De Ravacayco')
 INSERT INTO Ubigeo VALUES ('050708','0507','05','Upahuacho')
 INSERT INTO Ubigeo VALUES ('050801','0508','05','Pausa')
 INSERT INTO Ubigeo VALUES ('050802','0508','05','Colta')
 INSERT INTO Ubigeo VALUES ('050803','0508','05','Corculla')
 INSERT INTO Ubigeo VALUES ('050804','0508','05','Lampa')
 INSERT INTO Ubigeo VALUES ('050805','0508','05','Marcabamba')
 INSERT INTO Ubigeo VALUES ('050806','0508','05','Oyolo')
 INSERT INTO Ubigeo VALUES ('050807','0508','05','Pararca')
 INSERT INTO Ubigeo VALUES ('050808','0508','05','San Javier De Alpabamba')
 INSERT INTO Ubigeo VALUES ('050809','0508','05','San Jose De Ushua')
 INSERT INTO Ubigeo VALUES ('050810','0508','05','Sara Sara')
 INSERT INTO Ubigeo VALUES ('050901','0509','05','Querobamba')
 INSERT INTO Ubigeo VALUES ('050902','0509','05','Belen')
 INSERT INTO Ubigeo VALUES ('050903','0509','05','Chalcos')
 INSERT INTO Ubigeo VALUES ('050904','0509','05','Chilcayoc')
 INSERT INTO Ubigeo VALUES ('050905','0509','05','Huacaña')
 INSERT INTO Ubigeo VALUES ('050906','0509','05','Morcolla')
 INSERT INTO Ubigeo VALUES ('050907','0509','05','Paico')
 INSERT INTO Ubigeo VALUES ('050908','0509','05','San Pedro De Larcay')
 INSERT INTO Ubigeo VALUES ('050909','0509','05','San Salvador De Quije')
 INSERT INTO Ubigeo VALUES ('050910','0509','05','Santiago De Paucaray')
 INSERT INTO Ubigeo VALUES ('050911','0509','05','Soras')
 INSERT INTO Ubigeo VALUES ('051001','0510','05','Huancapi')
 INSERT INTO Ubigeo VALUES ('051002','0510','05','Alcamenca')
 INSERT INTO Ubigeo VALUES ('051003','0510','05','Apongo')
 INSERT INTO Ubigeo VALUES ('051004','0510','05','Asquipata')
 INSERT INTO Ubigeo VALUES ('051005','0510','05','Canaria')
 INSERT INTO Ubigeo VALUES ('051006','0510','05','Cayara')
 INSERT INTO Ubigeo VALUES ('051007','0510','05','Colca')
 INSERT INTO Ubigeo VALUES ('051008','0510','05','Huamanquiquia')
 INSERT INTO Ubigeo VALUES ('051009','0510','05','Huancaraylla')
 INSERT INTO Ubigeo VALUES ('051010','0510','05','Hualla')
 INSERT INTO Ubigeo VALUES ('051011','0510','05','Sarhua')
 INSERT INTO Ubigeo VALUES ('051012','0510','05','Vilcanchos')
 INSERT INTO Ubigeo VALUES ('051101','0511','05','Vilcas Huaman')
 INSERT INTO Ubigeo VALUES ('051102','0511','05','Accomarca')
 INSERT INTO Ubigeo VALUES ('051103','0511','05','Carhuanca')
 INSERT INTO Ubigeo VALUES ('051104','0511','05','Concepcion')
 INSERT INTO Ubigeo VALUES ('051105','0511','05','Huambalpa')
 INSERT INTO Ubigeo VALUES ('051106','0511','05','Independencia')
 INSERT INTO Ubigeo VALUES ('051107','0511','05','Saurama')
 INSERT INTO Ubigeo VALUES ('051108','0511','05','Vischongo')
 INSERT INTO Ubigeo VALUES ('060101','0601','06','Cajamarca')
 INSERT INTO Ubigeo VALUES ('060102','0601','06','Asuncion')
 INSERT INTO Ubigeo VALUES ('060103','0601','06','Chetilla')
 INSERT INTO Ubigeo VALUES ('060104','0601','06','Cospan')
 INSERT INTO Ubigeo VALUES ('060105','0601','06','Encañada')
 INSERT INTO Ubigeo VALUES ('060106','0601','06','Jesus')
 INSERT INTO Ubigeo VALUES ('060107','0601','06','Llacanora')
 INSERT INTO Ubigeo VALUES ('060108','0601','06','Los Baños Del Inca')
 INSERT INTO Ubigeo VALUES ('060109','0601','06','Magdalena')
 INSERT INTO Ubigeo VALUES ('060110','0601','06','Matara')
 INSERT INTO Ubigeo VALUES ('060111','0601','06','Namora')
 INSERT INTO Ubigeo VALUES ('060112','0601','06','San Juan')
 INSERT INTO Ubigeo VALUES ('060201','0602','06','Cajabamba')
 INSERT INTO Ubigeo VALUES ('060202','0602','06','Cachachi')
 INSERT INTO Ubigeo VALUES ('060203','0602','06','Condebamba')
 INSERT INTO Ubigeo VALUES ('060204','0602','06','Sitacocha')
 INSERT INTO Ubigeo VALUES ('060301','0603','06','Celendin')
 INSERT INTO Ubigeo VALUES ('060302','0603','06','Chumuch')
 INSERT INTO Ubigeo VALUES ('060303','0603','06','Cortegana')
 INSERT INTO Ubigeo VALUES ('060304','0603','06','Huasmin')
 INSERT INTO Ubigeo VALUES ('060305','0603','06','Jorge Chavez')
 INSERT INTO Ubigeo VALUES ('060306','0603','06','Jose Galvez')
 INSERT INTO Ubigeo VALUES ('060307','0603','06','Miguel Iglesias')
 INSERT INTO Ubigeo VALUES ('060308','0603','06','Oxamarca')
 INSERT INTO Ubigeo VALUES ('060309','0603','06','Sorochuco')
 INSERT INTO Ubigeo VALUES ('060310','0603','06','Sucre')
 INSERT INTO Ubigeo VALUES ('060311','0603','06','Utco')
 INSERT INTO Ubigeo VALUES ('060312','0603','06','La Libertad De Pallan')
 INSERT INTO Ubigeo VALUES ('060401','0604','06','Chota')
 INSERT INTO Ubigeo VALUES ('060402','0604','06','Anguia')
 INSERT INTO Ubigeo VALUES ('060403','0604','06','Chadin')
 INSERT INTO Ubigeo VALUES ('060404','0604','06','Chiguirip')
 INSERT INTO Ubigeo VALUES ('060405','0604','06','Chimban')
 INSERT INTO Ubigeo VALUES ('060406','0604','06','Choropampa')
 INSERT INTO Ubigeo VALUES ('060407','0604','06','Cochabamba')
 INSERT INTO Ubigeo VALUES ('060408','0604','06','Conchan')
 INSERT INTO Ubigeo VALUES ('060409','0604','06','Huambos')
 INSERT INTO Ubigeo VALUES ('060410','0604','06','Lajas')
 INSERT INTO Ubigeo VALUES ('060411','0604','06','Llama')
 INSERT INTO Ubigeo VALUES ('060412','0604','06','Miracosta')
 INSERT INTO Ubigeo VALUES ('060413','0604','06','Paccha')
 INSERT INTO Ubigeo VALUES ('060414','0604','06','Pion')
 INSERT INTO Ubigeo VALUES ('060415','0604','06','Querocoto')
 INSERT INTO Ubigeo VALUES ('060416','0604','06','San Juan De Licupis')
 INSERT INTO Ubigeo VALUES ('060417','0604','06','Tacabamba')
 INSERT INTO Ubigeo VALUES ('060418','0604','06','Tocmoche')
 INSERT INTO Ubigeo VALUES ('060419','0604','06','Chalamarca')
 INSERT INTO Ubigeo VALUES ('060501','0605','06','Contumaza')
 INSERT INTO Ubigeo VALUES ('060502','0605','06','Chilete')
 INSERT INTO Ubigeo VALUES ('060503','0605','06','Cupisnique')
 INSERT INTO Ubigeo VALUES ('060504','0605','06','Guzmango')
 INSERT INTO Ubigeo VALUES ('060505','0605','06','San Benito')
 INSERT INTO Ubigeo VALUES ('060506','0605','06','Santa Cruz De Toled')
 INSERT INTO Ubigeo VALUES ('060507','0605','06','Tantarica')
 INSERT INTO Ubigeo VALUES ('060508','0605','06','Yonan')
 INSERT INTO Ubigeo VALUES ('060601','0606','06','Cutervo')
 INSERT INTO Ubigeo VALUES ('060602','0606','06','Callayuc')
 INSERT INTO Ubigeo VALUES ('060603','0606','06','Choros')
 INSERT INTO Ubigeo VALUES ('060604','0606','06','Cujillo')
 INSERT INTO Ubigeo VALUES ('060605','0606','06','La Ramada')
 INSERT INTO Ubigeo VALUES ('060606','0606','06','Pimpingos')
 INSERT INTO Ubigeo VALUES ('060607','0606','06','Querocotillo')
 INSERT INTO Ubigeo VALUES ('060608','0606','06','San Andres De Cutervo')
 INSERT INTO Ubigeo VALUES ('060609','0606','06','San Juan De Cutervo')
 INSERT INTO Ubigeo VALUES ('060610','0606','06','San Luis De Lucma')
 INSERT INTO Ubigeo VALUES ('060611','0606','06','Santa Cruz')
 INSERT INTO Ubigeo VALUES ('060612','0606','06','Santo Domingo De La Capilla')
 INSERT INTO Ubigeo VALUES ('060613','0606','06','Santo Tomas')
 INSERT INTO Ubigeo VALUES ('060614','0606','06','Socota')
 INSERT INTO Ubigeo VALUES ('060615','0606','06','Toribio Casanova')
 INSERT INTO Ubigeo VALUES ('060701','0607','06','Bambamarca')
 INSERT INTO Ubigeo VALUES ('060702','0607','06','Chugur')
 INSERT INTO Ubigeo VALUES ('060703','0607','06','Hualgayoc')
 INSERT INTO Ubigeo VALUES ('060801','0608','06','Jaen')
 INSERT INTO Ubigeo VALUES ('060802','0608','06','Bellavista')
 INSERT INTO Ubigeo VALUES ('060803','0608','06','Chontali')
 INSERT INTO Ubigeo VALUES ('060804','0608','06','Colasay')
 INSERT INTO Ubigeo VALUES ('060805','0608','06','Huabal')
 INSERT INTO Ubigeo VALUES ('060806','0608','06','Las Pirias')
 INSERT INTO Ubigeo VALUES ('060807','0608','06','Pomahuaca')
 INSERT INTO Ubigeo VALUES ('060808','0608','06','Pucara')
 INSERT INTO Ubigeo VALUES ('060809','0608','06','Sallique')
 INSERT INTO Ubigeo VALUES ('060810','0608','06','San Felipe')
 INSERT INTO Ubigeo VALUES ('060811','0608','06','San Jose Del Alto')
 INSERT INTO Ubigeo VALUES ('060812','0608','06','Santa Rosa')
 INSERT INTO Ubigeo VALUES ('060901','0609','06','San Ignacio')
 INSERT INTO Ubigeo VALUES ('060902','0609','06','Chirinos')
 INSERT INTO Ubigeo VALUES ('060903','0609','06','Huarango')
 INSERT INTO Ubigeo VALUES ('060904','0609','06','La Coipa')
 INSERT INTO Ubigeo VALUES ('060905','0609','06','Namballe')
 INSERT INTO Ubigeo VALUES ('060906','0609','06','San Jose De Lourdes')
 INSERT INTO Ubigeo VALUES ('060907','0609','06','Tabaconas')
 INSERT INTO Ubigeo VALUES ('061001','0610','06','Pedro Galvez')
 INSERT INTO Ubigeo VALUES ('061002','0610','06','Chancay')
 INSERT INTO Ubigeo VALUES ('061003','0610','06','Eduardo Villanueva')
 INSERT INTO Ubigeo VALUES ('061004','0610','06','Gregorio Pita')
 INSERT INTO Ubigeo VALUES ('061005','0610','06','Ichocan')
 INSERT INTO Ubigeo VALUES ('061006','0610','06','Jose Manuel Quiroz')
 INSERT INTO Ubigeo VALUES ('061007','0610','06','Jose Sabogal')
 INSERT INTO Ubigeo VALUES ('061101','0611','06','San Miguel')
 INSERT INTO Ubigeo VALUES ('061102','0611','06','Bolivar')
 INSERT INTO Ubigeo VALUES ('061103','0611','06','Calquis')
 INSERT INTO Ubigeo VALUES ('061104','0611','06','Catilluc')
 INSERT INTO Ubigeo VALUES ('061105','0611','06','El Prado')
 INSERT INTO Ubigeo VALUES ('061106','0611','06','La Florida')
 INSERT INTO Ubigeo VALUES ('061107','0611','06','Llapa')
 INSERT INTO Ubigeo VALUES ('061108','0611','06','Nanchoc')
 INSERT INTO Ubigeo VALUES ('061109','0611','06','Niepos')
 INSERT INTO Ubigeo VALUES ('061110','0611','06','San Gregorio')
 INSERT INTO Ubigeo VALUES ('061111','0611','06','San Silvestre De Cochan')
 INSERT INTO Ubigeo VALUES ('061112','0611','06','Tongod')
 INSERT INTO Ubigeo VALUES ('061113','0611','06','Union Agua Blanca')
 INSERT INTO Ubigeo VALUES ('061201','0612','06','San Pablo')
 INSERT INTO Ubigeo VALUES ('061202','0612','06','San Bernardino')
 INSERT INTO Ubigeo VALUES ('061203','0612','06','San Luis')
 INSERT INTO Ubigeo VALUES ('061204','0612','06','Tumbaden')
 INSERT INTO Ubigeo VALUES ('061301','0613','06','Santa Cruz')
 INSERT INTO Ubigeo VALUES ('061302','0613','06','Andabamba')
 INSERT INTO Ubigeo VALUES ('061303','0613','06','Catache')
 INSERT INTO Ubigeo VALUES ('061304','0613','06','Chancaybaños')
 INSERT INTO Ubigeo VALUES ('061305','0613','06','La Esperanza')
 INSERT INTO Ubigeo VALUES ('061306','0613','06','Ninabamba')
 INSERT INTO Ubigeo VALUES ('061307','0613','06','Pulan')
 INSERT INTO Ubigeo VALUES ('061308','0613','06','Saucepampa')
 INSERT INTO Ubigeo VALUES ('061309','0613','06','Sexi')
 INSERT INTO Ubigeo VALUES ('061310','0613','06','Uticyacu')
 INSERT INTO Ubigeo VALUES ('061311','0613','06','Yauyucan')
 INSERT INTO Ubigeo VALUES ('070101','0701','07','Callao')
 INSERT INTO Ubigeo VALUES ('070102','0701','07','Bellavista')
 INSERT INTO Ubigeo VALUES ('070103','0701','07','Carmen De La Legua Reynoso')
 INSERT INTO Ubigeo VALUES ('070104','0701','07','La Perla')
 INSERT INTO Ubigeo VALUES ('070105','0701','07','La Punta')
 INSERT INTO Ubigeo VALUES ('070106','0701','07','Ventanilla')
 INSERT INTO Ubigeo VALUES ('070107','0701','07','Mi Peru')
 INSERT INTO Ubigeo VALUES ('080101','0801','08','Cusco')
 INSERT INTO Ubigeo VALUES ('080102','0801','08','Ccorca')
 INSERT INTO Ubigeo VALUES ('080103','0801','08','Poroy')
 INSERT INTO Ubigeo VALUES ('080104','0801','08','San Jeronimo')
 INSERT INTO Ubigeo VALUES ('080105','0801','08','San Sebastian')
 INSERT INTO Ubigeo VALUES ('080106','0801','08','Santiago')
 INSERT INTO Ubigeo VALUES ('080107','0801','08','Saylla')
 INSERT INTO Ubigeo VALUES ('080108','0801','08','Wanchaq')
 INSERT INTO Ubigeo VALUES ('080201','0802','08','Acomayo')
 INSERT INTO Ubigeo VALUES ('080202','0802','08','Acopia')
 INSERT INTO Ubigeo VALUES ('080203','0802','08','Acos')
 INSERT INTO Ubigeo VALUES ('080204','0802','08','Mosoc Llacta')
 INSERT INTO Ubigeo VALUES ('080205','0802','08','Pomacanchi')
 INSERT INTO Ubigeo VALUES ('080206','0802','08','Rondocan')
 INSERT INTO Ubigeo VALUES ('080207','0802','08','Sangarara')
 INSERT INTO Ubigeo VALUES ('080301','0803','08','Anta')
 INSERT INTO Ubigeo VALUES ('080302','0803','08','Ancahuasi')
 INSERT INTO Ubigeo VALUES ('080303','0803','08','Cachimayo')
 INSERT INTO Ubigeo VALUES ('080304','0803','08','Chinchaypujio')
 INSERT INTO Ubigeo VALUES ('080305','0803','08','Huarocondo')
 INSERT INTO Ubigeo VALUES ('080306','0803','08','Limatambo')
 INSERT INTO Ubigeo VALUES ('080307','0803','08','Mollepata')
 INSERT INTO Ubigeo VALUES ('080308','0803','08','Pucyura')
 INSERT INTO Ubigeo VALUES ('080309','0803','08','Zurite')
 INSERT INTO Ubigeo VALUES ('080401','0804','08','Calca')
 INSERT INTO Ubigeo VALUES ('080402','0804','08','Coya')
 INSERT INTO Ubigeo VALUES ('080403','0804','08','Lamay')
 INSERT INTO Ubigeo VALUES ('080404','0804','08','Lares')
 INSERT INTO Ubigeo VALUES ('080405','0804','08','Pisac')
 INSERT INTO Ubigeo VALUES ('080406','0804','08','San Salvador')
 INSERT INTO Ubigeo VALUES ('080407','0804','08','Taray')
 INSERT INTO Ubigeo VALUES ('080408','0804','08','Yanatile')
 INSERT INTO Ubigeo VALUES ('080501','0805','08','Yanaoca')
 INSERT INTO Ubigeo VALUES ('080502','0805','08','Checca')
 INSERT INTO Ubigeo VALUES ('080503','0805','08','Kunturkanki')
 INSERT INTO Ubigeo VALUES ('080504','0805','08','Langui')
 INSERT INTO Ubigeo VALUES ('080505','0805','08','Layo')
 INSERT INTO Ubigeo VALUES ('080506','0805','08','Pampamarca')
 INSERT INTO Ubigeo VALUES ('080507','0805','08','Quehue')
 INSERT INTO Ubigeo VALUES ('080508','0805','08','Tupac Amaru')
 INSERT INTO Ubigeo VALUES ('080601','0806','08','Sicuani')
 INSERT INTO Ubigeo VALUES ('080602','0806','08','Checacupe')
 INSERT INTO Ubigeo VALUES ('080603','0806','08','Combapata')
 INSERT INTO Ubigeo VALUES ('080604','0806','08','Marangani')
 INSERT INTO Ubigeo VALUES ('080605','0806','08','Pitumarca')
 INSERT INTO Ubigeo VALUES ('080606','0806','08','San Pablo')
 INSERT INTO Ubigeo VALUES ('080607','0806','08','San Pedro')
 INSERT INTO Ubigeo VALUES ('080608','0806','08','Tinta')
 INSERT INTO Ubigeo VALUES ('080701','0807','08','Santo Tomas')
 INSERT INTO Ubigeo VALUES ('080702','0807','08','Capacmarca')
 INSERT INTO Ubigeo VALUES ('080703','0807','08','Chamaca')
 INSERT INTO Ubigeo VALUES ('080704','0807','08','Colquemarca')
 INSERT INTO Ubigeo VALUES ('080705','0807','08','Livitaca')
 INSERT INTO Ubigeo VALUES ('080706','0807','08','Llusco')
 INSERT INTO Ubigeo VALUES ('080707','0807','08','Quiñota')
 INSERT INTO Ubigeo VALUES ('080708','0807','08','Velille')
 INSERT INTO Ubigeo VALUES ('080801','0808','08','Espinar')
 INSERT INTO Ubigeo VALUES ('080802','0808','08','Condoroma')
 INSERT INTO Ubigeo VALUES ('080803','0808','08','Coporaque')
 INSERT INTO Ubigeo VALUES ('080804','0808','08','Ocoruro')
 INSERT INTO Ubigeo VALUES ('080805','0808','08','Pallpata')
 INSERT INTO Ubigeo VALUES ('080806','0808','08','Pichigua')
 INSERT INTO Ubigeo VALUES ('080807','0808','08','Suyckutambo')
 INSERT INTO Ubigeo VALUES ('080808','0808','08','Alto Pichigua')
 INSERT INTO Ubigeo VALUES ('080901','0809','08','Santa Ana')
 INSERT INTO Ubigeo VALUES ('080902','0809','08','Echarate')
 INSERT INTO Ubigeo VALUES ('080903','0809','08','Huayopata')
 INSERT INTO Ubigeo VALUES ('080904','0809','08','Maranura')
 INSERT INTO Ubigeo VALUES ('080905','0809','08','Ocobamba')
 INSERT INTO Ubigeo VALUES ('080906','0809','08','Quellouno')
 INSERT INTO Ubigeo VALUES ('080907','0809','08','Kimbiri')
 INSERT INTO Ubigeo VALUES ('080908','0809','08','Santa Teresa')
 INSERT INTO Ubigeo VALUES ('080909','0809','08','Vilcabamba')
 INSERT INTO Ubigeo VALUES ('080910','0809','08','Pichari')
 INSERT INTO Ubigeo VALUES ('080911','0809','08','Inkawasi')
 INSERT INTO Ubigeo VALUES ('080912','0809','08','Villa Virgen')
 INSERT INTO Ubigeo VALUES ('080913','0809','08','Villa Kintiarina')
 INSERT INTO Ubigeo VALUES ('080914','0809','08','Megantoni')
 INSERT INTO Ubigeo VALUES ('081001','0810','08','Paruro')
 INSERT INTO Ubigeo VALUES ('081002','0810','08','Accha')
 INSERT INTO Ubigeo VALUES ('081003','0810','08','Ccapi')
 INSERT INTO Ubigeo VALUES ('081004','0810','08','Colcha')
 INSERT INTO Ubigeo VALUES ('081005','0810','08','Huanoquite')
 INSERT INTO Ubigeo VALUES ('081006','0810','08','Omacha')
 INSERT INTO Ubigeo VALUES ('081007','0810','08','Paccaritambo')
 INSERT INTO Ubigeo VALUES ('081008','0810','08','Pillpinto')
 INSERT INTO Ubigeo VALUES ('081009','0810','08','Yaurisque')
 INSERT INTO Ubigeo VALUES ('081101','0811','08','Paucartambo')
 INSERT INTO Ubigeo VALUES ('081102','0811','08','Caicay')
 INSERT INTO Ubigeo VALUES ('081103','0811','08','Challabamba')
 INSERT INTO Ubigeo VALUES ('081104','0811','08','Colquepata')
 INSERT INTO Ubigeo VALUES ('081105','0811','08','Huancarani')
 INSERT INTO Ubigeo VALUES ('081106','0811','08','Kosñipata')
 INSERT INTO Ubigeo VALUES ('081201','0812','08','Urcos')
 INSERT INTO Ubigeo VALUES ('081202','0812','08','Andahuaylillas')
 INSERT INTO Ubigeo VALUES ('081203','0812','08','Camanti')
 INSERT INTO Ubigeo VALUES ('081204','0812','08','Ccarhuayo')
 INSERT INTO Ubigeo VALUES ('081205','0812','08','Ccatca')
 INSERT INTO Ubigeo VALUES ('081206','0812','08','Cusipata')
 INSERT INTO Ubigeo VALUES ('081207','0812','08','Huaro')
 INSERT INTO Ubigeo VALUES ('081208','0812','08','Lucre')
 INSERT INTO Ubigeo VALUES ('081209','0812','08','Marcapata')
 INSERT INTO Ubigeo VALUES ('081210','0812','08','Ocongate')
 INSERT INTO Ubigeo VALUES ('081211','0812','08','Oropesa')
 INSERT INTO Ubigeo VALUES ('081212','0812','08','Quiquijana')
 INSERT INTO Ubigeo VALUES ('081301','0813','08','Urubamba')
 INSERT INTO Ubigeo VALUES ('081302','0813','08','Chinchero')
 INSERT INTO Ubigeo VALUES ('081303','0813','08','Huayllabamba')
 INSERT INTO Ubigeo VALUES ('081304','0813','08','Machupicchu')
 INSERT INTO Ubigeo VALUES ('081305','0813','08','Maras')
 INSERT INTO Ubigeo VALUES ('081306','0813','08','Ollantaytambo')
 INSERT INTO Ubigeo VALUES ('081307','0813','08','Yucay')
 INSERT INTO Ubigeo VALUES ('090101','0901','09','Huancavelica')
 INSERT INTO Ubigeo VALUES ('090102','0901','09','Acobambilla')
 INSERT INTO Ubigeo VALUES ('090103','0901','09','Acoria')
 INSERT INTO Ubigeo VALUES ('090104','0901','09','Conayca')
 INSERT INTO Ubigeo VALUES ('090105','0901','09','Cuenca')
 INSERT INTO Ubigeo VALUES ('090106','0901','09','Huachocolpa')
 INSERT INTO Ubigeo VALUES ('090107','0901','09','Huayllahuara')
 INSERT INTO Ubigeo VALUES ('090108','0901','09','Izcuchaca')
 INSERT INTO Ubigeo VALUES ('090109','0901','09','Laria')
 INSERT INTO Ubigeo VALUES ('090110','0901','09','Manta')
 INSERT INTO Ubigeo VALUES ('090111','0901','09','Mariscal Caceres')
 INSERT INTO Ubigeo VALUES ('090112','0901','09','Moya')
 INSERT INTO Ubigeo VALUES ('090113','0901','09','Nuevo Occoro')
 INSERT INTO Ubigeo VALUES ('090114','0901','09','Palca')
 INSERT INTO Ubigeo VALUES ('090115','0901','09','Pilchaca')
 INSERT INTO Ubigeo VALUES ('090116','0901','09','Vilca')
 INSERT INTO Ubigeo VALUES ('090117','0901','09','Yauli')
 INSERT INTO Ubigeo VALUES ('090118','0901','09','Ascension')
 INSERT INTO Ubigeo VALUES ('090119','0901','09','Huando')
 INSERT INTO Ubigeo VALUES ('090201','0902','09','Acobamba')
 INSERT INTO Ubigeo VALUES ('090202','0902','09','Andabamba')
 INSERT INTO Ubigeo VALUES ('090203','0902','09','Anta')
 INSERT INTO Ubigeo VALUES ('090204','0902','09','Caja')
 INSERT INTO Ubigeo VALUES ('090205','0902','09','Marcas')
 INSERT INTO Ubigeo VALUES ('090206','0902','09','Paucara')
 INSERT INTO Ubigeo VALUES ('090207','0902','09','Pomacocha')
 INSERT INTO Ubigeo VALUES ('090208','0902','09','Rosario')
 INSERT INTO Ubigeo VALUES ('090301','0903','09','Lircay')
 INSERT INTO Ubigeo VALUES ('090302','0903','09','Anchonga')
 INSERT INTO Ubigeo VALUES ('090303','0903','09','Callanmarca')
 INSERT INTO Ubigeo VALUES ('090304','0903','09','Ccochaccasa')
 INSERT INTO Ubigeo VALUES ('090305','0903','09','Chincho')
 INSERT INTO Ubigeo VALUES ('090306','0903','09','Congalla')
 INSERT INTO Ubigeo VALUES ('090307','0903','09','HuancA-Huanca')
 INSERT INTO Ubigeo VALUES ('090308','0903','09','Huayllay Grande')
 INSERT INTO Ubigeo VALUES ('090309','0903','09','Julcamarca')
 INSERT INTO Ubigeo VALUES ('090310','0903','09','San Antonio De Antaparco')
 INSERT INTO Ubigeo VALUES ('090311','0903','09','Santo Tomas De Pata')
 INSERT INTO Ubigeo VALUES ('090312','0903','09','Secclla')
 INSERT INTO Ubigeo VALUES ('090401','0904','09','Castrovirreyna')
 INSERT INTO Ubigeo VALUES ('090402','0904','09','Arma')
 INSERT INTO Ubigeo VALUES ('090403','0904','09','Aurahua')
 INSERT INTO Ubigeo VALUES ('090404','0904','09','Capillas')
 INSERT INTO Ubigeo VALUES ('090405','0904','09','Chupamarca')
 INSERT INTO Ubigeo VALUES ('090406','0904','09','Cocas')
 INSERT INTO Ubigeo VALUES ('090407','0904','09','Huachos')
 INSERT INTO Ubigeo VALUES ('090408','0904','09','Huamatambo')
 INSERT INTO Ubigeo VALUES ('090409','0904','09','Mollepampa')
 INSERT INTO Ubigeo VALUES ('090410','0904','09','San Juan')
 INSERT INTO Ubigeo VALUES ('090411','0904','09','Santa Ana')
 INSERT INTO Ubigeo VALUES ('090412','0904','09','Tantara')
 INSERT INTO Ubigeo VALUES ('090413','0904','09','Ticrapo')
 INSERT INTO Ubigeo VALUES ('090501','0905','09','Churcampa')
 INSERT INTO Ubigeo VALUES ('090502','0905','09','Anco')
 INSERT INTO Ubigeo VALUES ('090503','0905','09','Chinchihuasi')
 INSERT INTO Ubigeo VALUES ('090504','0905','09','El Carmen')
 INSERT INTO Ubigeo VALUES ('090505','0905','09','La Merced')
 INSERT INTO Ubigeo VALUES ('090506','0905','09','Locroja')
 INSERT INTO Ubigeo VALUES ('090507','0905','09','Paucarbamba')
 INSERT INTO Ubigeo VALUES ('090508','0905','09','San Miguel De Mayocc')
 INSERT INTO Ubigeo VALUES ('090509','0905','09','San Pedro De Coris')
 INSERT INTO Ubigeo VALUES ('090510','0905','09','Pachamarca')
 INSERT INTO Ubigeo VALUES ('090511','0905','09','Cosme')
 INSERT INTO Ubigeo VALUES ('090601','0906','09','Huaytara')
 INSERT INTO Ubigeo VALUES ('090602','0906','09','Ayavi')
 INSERT INTO Ubigeo VALUES ('090603','0906','09','Cordova')
 INSERT INTO Ubigeo VALUES ('090604','0906','09','Huayacundo Arma')
 INSERT INTO Ubigeo VALUES ('090605','0906','09','Laramarca')
 INSERT INTO Ubigeo VALUES ('090606','0906','09','Ocoyo')
 INSERT INTO Ubigeo VALUES ('090607','0906','09','Pilpichaca')
 INSERT INTO Ubigeo VALUES ('090608','0906','09','Querco')
 INSERT INTO Ubigeo VALUES ('090609','0906','09','QuitO-Arma')
 INSERT INTO Ubigeo VALUES ('090610','0906','09','San Antonio De Cusicancha')
 INSERT INTO Ubigeo VALUES ('090611','0906','09','San Francisco De Sangayaico')
 INSERT INTO Ubigeo VALUES ('090612','0906','09','San Isidro')
 INSERT INTO Ubigeo VALUES ('090613','0906','09','Santiago De Chocorvos')
 INSERT INTO Ubigeo VALUES ('090614','0906','09','Santiago De Quirahuara')
 INSERT INTO Ubigeo VALUES ('090615','0906','09','Santo Domingo De Capillas')
 INSERT INTO Ubigeo VALUES ('090616','0906','09','Tambo')
 INSERT INTO Ubigeo VALUES ('090701','0907','09','Pampas')
 INSERT INTO Ubigeo VALUES ('090702','0907','09','Acostambo')
 INSERT INTO Ubigeo VALUES ('090703','0907','09','Acraquia')
 INSERT INTO Ubigeo VALUES ('090704','0907','09','Ahuaycha')
 INSERT INTO Ubigeo VALUES ('090705','0907','09','Colcabamba')
 INSERT INTO Ubigeo VALUES ('090706','0907','09','Daniel Hernandez')
 INSERT INTO Ubigeo VALUES ('090707','0907','09','Huachocolpa')
 INSERT INTO Ubigeo VALUES ('090709','0907','09','Huaribamba')
 INSERT INTO Ubigeo VALUES ('090710','0907','09','Ñahuimpuquio')
 INSERT INTO Ubigeo VALUES ('090711','0907','09','Pazos')
 INSERT INTO Ubigeo VALUES ('090713','0907','09','Quishuar')
 INSERT INTO Ubigeo VALUES ('090714','0907','09','Salcabamba')
 INSERT INTO Ubigeo VALUES ('090715','0907','09','Salcahuasi')
 INSERT INTO Ubigeo VALUES ('090716','0907','09','San Marcos De Rocchac')
 INSERT INTO Ubigeo VALUES ('090717','0907','09','Surcubamba')
 INSERT INTO Ubigeo VALUES ('090718','0907','09','Tintay Puncu')
 INSERT INTO Ubigeo VALUES ('090719','0907','09','Quichuas')
 INSERT INTO Ubigeo VALUES ('090720','0907','09','Andaymarca')
 INSERT INTO Ubigeo VALUES ('090721','0907','09','Roble')
 INSERT INTO Ubigeo VALUES ('090722','0907','09','Pichos')
 INSERT INTO Ubigeo VALUES ('090723','0907','09','Santiago De Tucuma')
 INSERT INTO Ubigeo VALUES ('100101','1001','10','Huanuco')
 INSERT INTO Ubigeo VALUES ('100102','1001','10','Amarilis')
 INSERT INTO Ubigeo VALUES ('100103','1001','10','Chinchao')
 INSERT INTO Ubigeo VALUES ('100104','1001','10','Churubamba')
 INSERT INTO Ubigeo VALUES ('100105','1001','10','Margos')
 INSERT INTO Ubigeo VALUES ('100106','1001','10','Quisqui (kichki)')
 INSERT INTO Ubigeo VALUES ('100107','1001','10','San Francisco De Cayran')
 INSERT INTO Ubigeo VALUES ('100108','1001','10','San Pedro De Chaulan')
 INSERT INTO Ubigeo VALUES ('100109','1001','10','Santa Maria Del Valle')
 INSERT INTO Ubigeo VALUES ('100110','1001','10','Yarumayo')
 INSERT INTO Ubigeo VALUES ('100111','1001','10','Pillco Marca')
 INSERT INTO Ubigeo VALUES ('100112','1001','10','Yacus')
 INSERT INTO Ubigeo VALUES ('100113','1001','10','San Pablo De Pillao')
 INSERT INTO Ubigeo VALUES ('100201','1002','10','Ambo')
 INSERT INTO Ubigeo VALUES ('100202','1002','10','Cayna')
 INSERT INTO Ubigeo VALUES ('100203','1002','10','Colpas')
 INSERT INTO Ubigeo VALUES ('100204','1002','10','Conchamarca')
 INSERT INTO Ubigeo VALUES ('100205','1002','10','Huacar')
 INSERT INTO Ubigeo VALUES ('100206','1002','10','San Francisco')
 INSERT INTO Ubigeo VALUES ('100207','1002','10','San Rafael')
 INSERT INTO Ubigeo VALUES ('100208','1002','10','Tomay Kichwa')
 INSERT INTO Ubigeo VALUES ('100301','1003','10','La Union')
 INSERT INTO Ubigeo VALUES ('100307','1003','10','Chuquis')
 INSERT INTO Ubigeo VALUES ('100311','1003','10','Marias')
 INSERT INTO Ubigeo VALUES ('100313','1003','10','Pachas')
 INSERT INTO Ubigeo VALUES ('100316','1003','10','Quivilla')
 INSERT INTO Ubigeo VALUES ('100317','1003','10','Ripan')
 INSERT INTO Ubigeo VALUES ('100321','1003','10','Shunqui')
 INSERT INTO Ubigeo VALUES ('100322','1003','10','Sillapata')
 INSERT INTO Ubigeo VALUES ('100323','1003','10','Yanas')
 INSERT INTO Ubigeo VALUES ('100401','1004','10','Huacaybamba')
 INSERT INTO Ubigeo VALUES ('100402','1004','10','Canchabamba')
 INSERT INTO Ubigeo VALUES ('100403','1004','10','Cochabamba')
 INSERT INTO Ubigeo VALUES ('100404','1004','10','Pinra')
 INSERT INTO Ubigeo VALUES ('100501','1005','10','Llata')
 INSERT INTO Ubigeo VALUES ('100502','1005','10','Arancay')
 INSERT INTO Ubigeo VALUES ('100503','1005','10','Chavin De Pariarca')
 INSERT INTO Ubigeo VALUES ('100504','1005','10','Jacas Grande')
 INSERT INTO Ubigeo VALUES ('100505','1005','10','Jircan')
 INSERT INTO Ubigeo VALUES ('100506','1005','10','Miraflores')
 INSERT INTO Ubigeo VALUES ('100507','1005','10','Monzon')
 INSERT INTO Ubigeo VALUES ('100508','1005','10','Punchao')
 INSERT INTO Ubigeo VALUES ('100509','1005','10','Puños')
 INSERT INTO Ubigeo VALUES ('100510','1005','10','Singa')
 INSERT INTO Ubigeo VALUES ('100511','1005','10','Tantamayo')
 INSERT INTO Ubigeo VALUES ('100601','1006','10','RupA-Rupa')
 INSERT INTO Ubigeo VALUES ('100602','1006','10','Daniel Alomia Robles')
 INSERT INTO Ubigeo VALUES ('100603','1006','10','Hermilio Valdizan')
 INSERT INTO Ubigeo VALUES ('100604','1006','10','Jose Crespo Y Castillo')
 INSERT INTO Ubigeo VALUES ('100605','1006','10','Luyando')
 INSERT INTO Ubigeo VALUES ('100606','1006','10','Mariano Damaso Beraun')
 INSERT INTO Ubigeo VALUES ('100607','1006','10','Pucayacu')
 INSERT INTO Ubigeo VALUES ('100608','1006','10','Castillo Grande')
 INSERT INTO Ubigeo VALUES ('100609','1006','10','Pueblo Nuevo')
 INSERT INTO Ubigeo VALUES ('100610','1006','10','Santo Domingo De Andia')
 INSERT INTO Ubigeo VALUES ('100701','1007','10','Huacrachuco')
 INSERT INTO Ubigeo VALUES ('100702','1007','10','Cholon')
 INSERT INTO Ubigeo VALUES ('100703','1007','10','San Buenaventura')
 INSERT INTO Ubigeo VALUES ('100704','1007','10','La Morada')
 INSERT INTO Ubigeo VALUES ('100705','1007','10','Santa Rosa De Alto Yanajanca')
 INSERT INTO Ubigeo VALUES ('100801','1008','10','Panao')
 INSERT INTO Ubigeo VALUES ('100802','1008','10','Chaglla')
 INSERT INTO Ubigeo VALUES ('100803','1008','10','Molino')
 INSERT INTO Ubigeo VALUES ('100804','1008','10','Umari')
 INSERT INTO Ubigeo VALUES ('100901','1009','10','Puerto Inca')
 INSERT INTO Ubigeo VALUES ('100902','1009','10','Codo Del Pozuzo')
 INSERT INTO Ubigeo VALUES ('100903','1009','10','Honoria')
 INSERT INTO Ubigeo VALUES ('100904','1009','10','Tournavista')
 INSERT INTO Ubigeo VALUES ('100905','1009','10','Yuyapichis')
 INSERT INTO Ubigeo VALUES ('101001','1010','10','Jesus')
 INSERT INTO Ubigeo VALUES ('101002','1010','10','Baños')
 INSERT INTO Ubigeo VALUES ('101003','1010','10','Jivia')
 INSERT INTO Ubigeo VALUES ('101004','1010','10','Queropalca')
 INSERT INTO Ubigeo VALUES ('101005','1010','10','Rondos')
 INSERT INTO Ubigeo VALUES ('101006','1010','10','San Francisco De Asis')
 INSERT INTO Ubigeo VALUES ('101007','1010','10','San Miguel De Cauri')
 INSERT INTO Ubigeo VALUES ('101101','1011','10','Chavinillo')
 INSERT INTO Ubigeo VALUES ('101102','1011','10','Cahuac')
 INSERT INTO Ubigeo VALUES ('101103','1011','10','Chacabamba')
 INSERT INTO Ubigeo VALUES ('101104','1011','10','Aparicio Pomares')
 INSERT INTO Ubigeo VALUES ('101105','1011','10','Jacas Chico')
 INSERT INTO Ubigeo VALUES ('101106','1011','10','Obas')
 INSERT INTO Ubigeo VALUES ('101107','1011','10','Pampamarca')
 INSERT INTO Ubigeo VALUES ('101108','1011','10','Choras')
 INSERT INTO Ubigeo VALUES ('110101','1101','11','Ica')
 INSERT INTO Ubigeo VALUES ('110102','1101','11','La Tinguiña')
 INSERT INTO Ubigeo VALUES ('110103','1101','11','Los Aquijes')
 INSERT INTO Ubigeo VALUES ('110104','1101','11','Ocucaje')
 INSERT INTO Ubigeo VALUES ('110105','1101','11','Pachacutec')
 INSERT INTO Ubigeo VALUES ('110106','1101','11','Parcona')
 INSERT INTO Ubigeo VALUES ('110107','1101','11','Pueblo Nuevo')
 INSERT INTO Ubigeo VALUES ('110108','1101','11','Salas')
 INSERT INTO Ubigeo VALUES ('110109','1101','11','San Jose De Los Molinos')
 INSERT INTO Ubigeo VALUES ('110110','1101','11','San Juan Bautista')
 INSERT INTO Ubigeo VALUES ('110111','1101','11','Santiago')
 INSERT INTO Ubigeo VALUES ('110112','1101','11','Subtanjalla')
 INSERT INTO Ubigeo VALUES ('110113','1101','11','Tate')
 INSERT INTO Ubigeo VALUES ('110114','1101','11','Yauca Del Rosario')
 INSERT INTO Ubigeo VALUES ('110201','1102','11','Chincha Alta')
 INSERT INTO Ubigeo VALUES ('110202','1102','11','Alto Laran')
 INSERT INTO Ubigeo VALUES ('110203','1102','11','Chavin')
 INSERT INTO Ubigeo VALUES ('110204','1102','11','Chincha Baja')
 INSERT INTO Ubigeo VALUES ('110205','1102','11','El Carmen')
 INSERT INTO Ubigeo VALUES ('110206','1102','11','Grocio Prado')
 INSERT INTO Ubigeo VALUES ('110207','1102','11','Pueblo Nuevo')
 INSERT INTO Ubigeo VALUES ('110208','1102','11','San Juan De Yanac')
 INSERT INTO Ubigeo VALUES ('110209','1102','11','San Pedro De Huacarpana')
 INSERT INTO Ubigeo VALUES ('110210','1102','11','Sunampe')
 INSERT INTO Ubigeo VALUES ('110211','1102','11','Tambo De Mora')
 INSERT INTO Ubigeo VALUES ('110301','1103','11','Nasca')
 INSERT INTO Ubigeo VALUES ('110302','1103','11','Changuillo')
 INSERT INTO Ubigeo VALUES ('110303','1103','11','El Ingenio')
 INSERT INTO Ubigeo VALUES ('110304','1103','11','Marcona')
 INSERT INTO Ubigeo VALUES ('110305','1103','11','Vista Alegre')
 INSERT INTO Ubigeo VALUES ('110401','1104','11','Palpa')
 INSERT INTO Ubigeo VALUES ('110402','1104','11','Llipata')
 INSERT INTO Ubigeo VALUES ('110403','1104','11','Rio Grande')
 INSERT INTO Ubigeo VALUES ('110404','1104','11','Santa Cruz')
 INSERT INTO Ubigeo VALUES ('110405','1104','11','Tibillo')
 INSERT INTO Ubigeo VALUES ('110501','1105','11','Pisco')
 INSERT INTO Ubigeo VALUES ('110502','1105','11','Huancano')
 INSERT INTO Ubigeo VALUES ('110503','1105','11','Humay')
 INSERT INTO Ubigeo VALUES ('110504','1105','11','Independencia')
 INSERT INTO Ubigeo VALUES ('110505','1105','11','Paracas')
 INSERT INTO Ubigeo VALUES ('110506','1105','11','San Andres')
 INSERT INTO Ubigeo VALUES ('110507','1105','11','San Clemente')
 INSERT INTO Ubigeo VALUES ('110508','1105','11','Tupac Amaru Inca')
 INSERT INTO Ubigeo VALUES ('120101','1201','12','Huancayo')
 INSERT INTO Ubigeo VALUES ('120104','1201','12','Carhuacallanga')
 INSERT INTO Ubigeo VALUES ('120105','1201','12','Chacapampa')
 INSERT INTO Ubigeo VALUES ('120106','1201','12','Chicche')
 INSERT INTO Ubigeo VALUES ('120107','1201','12','Chilca')
 INSERT INTO Ubigeo VALUES ('120108','1201','12','Chongos Alto')
 INSERT INTO Ubigeo VALUES ('120111','1201','12','Chupuro')
 INSERT INTO Ubigeo VALUES ('120112','1201','12','Colca')
 INSERT INTO Ubigeo VALUES ('120113','1201','12','Cullhuas')
 INSERT INTO Ubigeo VALUES ('120114','1201','12','El Tambo')
 INSERT INTO Ubigeo VALUES ('120116','1201','12','Huacrapuquio')
 INSERT INTO Ubigeo VALUES ('120117','1201','12','Hualhuas')
 INSERT INTO Ubigeo VALUES ('120119','1201','12','Huancan')
 INSERT INTO Ubigeo VALUES ('120120','1201','12','Huasicancha')
 INSERT INTO Ubigeo VALUES ('120121','1201','12','Huayucachi')
 INSERT INTO Ubigeo VALUES ('120122','1201','12','Ingenio')
 INSERT INTO Ubigeo VALUES ('120124','1201','12','Pariahuanca')
 INSERT INTO Ubigeo VALUES ('120125','1201','12','Pilcomayo')
 INSERT INTO Ubigeo VALUES ('120126','1201','12','Pucara')
 INSERT INTO Ubigeo VALUES ('120127','1201','12','Quichuay')
 INSERT INTO Ubigeo VALUES ('120128','1201','12','Quilcas')
 INSERT INTO Ubigeo VALUES ('120129','1201','12','San Agustin')
 INSERT INTO Ubigeo VALUES ('120130','1201','12','San Jeronimo De Tunan')
 INSERT INTO Ubigeo VALUES ('120132','1201','12','Saño')
 INSERT INTO Ubigeo VALUES ('120133','1201','12','Sapallanga')
 INSERT INTO Ubigeo VALUES ('120134','1201','12','Sicaya')
 INSERT INTO Ubigeo VALUES ('120135','1201','12','Santo Domingo De Acobamba')
 INSERT INTO Ubigeo VALUES ('120136','1201','12','Viques')
 INSERT INTO Ubigeo VALUES ('120201','1202','12','Concepcion')
 INSERT INTO Ubigeo VALUES ('120202','1202','12','Aco')
 INSERT INTO Ubigeo VALUES ('120203','1202','12','Andamarca')
 INSERT INTO Ubigeo VALUES ('120204','1202','12','Chambara')
 INSERT INTO Ubigeo VALUES ('120205','1202','12','Cochas')
 INSERT INTO Ubigeo VALUES ('120206','1202','12','Comas')
 INSERT INTO Ubigeo VALUES ('120207','1202','12','Heroinas Toledo')
 INSERT INTO Ubigeo VALUES ('120208','1202','12','Manzanares')
 INSERT INTO Ubigeo VALUES ('120209','1202','12','Mariscal Castilla')
 INSERT INTO Ubigeo VALUES ('120210','1202','12','Matahuasi')
 INSERT INTO Ubigeo VALUES ('120211','1202','12','Mito')
 INSERT INTO Ubigeo VALUES ('120212','1202','12','Nueve De Julio')
 INSERT INTO Ubigeo VALUES ('120213','1202','12','Orcotuna')
 INSERT INTO Ubigeo VALUES ('120214','1202','12','San Jose De Quero')
 INSERT INTO Ubigeo VALUES ('120215','1202','12','Santa Rosa De Ocopa')
 INSERT INTO Ubigeo VALUES ('120301','1203','12','Chanchamayo')
 INSERT INTO Ubigeo VALUES ('120302','1203','12','Perene')
 INSERT INTO Ubigeo VALUES ('120303','1203','12','Pichanaqui')
 INSERT INTO Ubigeo VALUES ('120304','1203','12','San Luis De Shuaro')
 INSERT INTO Ubigeo VALUES ('120305','1203','12','San Ramon')
 INSERT INTO Ubigeo VALUES ('120306','1203','12','Vitoc')
 INSERT INTO Ubigeo VALUES ('120401','1204','12','Jauja')
 INSERT INTO Ubigeo VALUES ('120402','1204','12','Acolla')
 INSERT INTO Ubigeo VALUES ('120403','1204','12','Apata')
 INSERT INTO Ubigeo VALUES ('120404','1204','12','Ataura')
 INSERT INTO Ubigeo VALUES ('120405','1204','12','Canchayllo')
 INSERT INTO Ubigeo VALUES ('120406','1204','12','Curicaca')
 INSERT INTO Ubigeo VALUES ('120407','1204','12','El Mantaro')
 INSERT INTO Ubigeo VALUES ('120408','1204','12','Huamali')
 INSERT INTO Ubigeo VALUES ('120409','1204','12','Huaripampa')
 INSERT INTO Ubigeo VALUES ('120410','1204','12','Huertas')
 INSERT INTO Ubigeo VALUES ('120411','1204','12','Janjaillo')
 INSERT INTO Ubigeo VALUES ('120412','1204','12','Julcan')
 INSERT INTO Ubigeo VALUES ('120413','1204','12','Leonor Ordoñez')
 INSERT INTO Ubigeo VALUES ('120414','1204','12','Llocllapampa')
 INSERT INTO Ubigeo VALUES ('120415','1204','12','Marco')
 INSERT INTO Ubigeo VALUES ('120416','1204','12','Masma')
 INSERT INTO Ubigeo VALUES ('120417','1204','12','Masma Chicche')
 INSERT INTO Ubigeo VALUES ('120418','1204','12','Molinos')
 INSERT INTO Ubigeo VALUES ('120419','1204','12','Monobamba')
 INSERT INTO Ubigeo VALUES ('120420','1204','12','Muqui')
 INSERT INTO Ubigeo VALUES ('120421','1204','12','Muquiyauyo')
 INSERT INTO Ubigeo VALUES ('120422','1204','12','Paca')
 INSERT INTO Ubigeo VALUES ('120423','1204','12','Paccha')
 INSERT INTO Ubigeo VALUES ('120424','1204','12','Pancan')
 INSERT INTO Ubigeo VALUES ('120425','1204','12','Parco')
 INSERT INTO Ubigeo VALUES ('120426','1204','12','Pomacancha')
 INSERT INTO Ubigeo VALUES ('120427','1204','12','Ricran')
 INSERT INTO Ubigeo VALUES ('120428','1204','12','San Lorenzo')
 INSERT INTO Ubigeo VALUES ('120429','1204','12','San Pedro De Chunan')
 INSERT INTO Ubigeo VALUES ('120430','1204','12','Sausa')
 INSERT INTO Ubigeo VALUES ('120431','1204','12','Sincos')
 INSERT INTO Ubigeo VALUES ('120432','1204','12','Tunan Marca')
 INSERT INTO Ubigeo VALUES ('120433','1204','12','Yauli')
 INSERT INTO Ubigeo VALUES ('120434','1204','12','Yauyos')
 INSERT INTO Ubigeo VALUES ('120501','1205','12','Junin')
 INSERT INTO Ubigeo VALUES ('120502','1205','12','Carhuamayo')
 INSERT INTO Ubigeo VALUES ('120503','1205','12','Ondores')
 INSERT INTO Ubigeo VALUES ('120504','1205','12','Ulcumayo')
 INSERT INTO Ubigeo VALUES ('120601','1206','12','Satipo')
 INSERT INTO Ubigeo VALUES ('120602','1206','12','Coviriali')
 INSERT INTO Ubigeo VALUES ('120603','1206','12','Llaylla')
 INSERT INTO Ubigeo VALUES ('120604','1206','12','Mazamari')
 INSERT INTO Ubigeo VALUES ('120605','1206','12','Pampa Hermosa')
 INSERT INTO Ubigeo VALUES ('120606','1206','12','Pangoa')
 INSERT INTO Ubigeo VALUES ('120607','1206','12','Rio Negro')
 INSERT INTO Ubigeo VALUES ('120608','1206','12','Rio Tambo')
 INSERT INTO Ubigeo VALUES ('120609','1206','12','Vizcatan Del Ene')
 INSERT INTO Ubigeo VALUES ('120701','1207','12','Tarma')
 INSERT INTO Ubigeo VALUES ('120702','1207','12','Acobamba')
 INSERT INTO Ubigeo VALUES ('120703','1207','12','Huaricolca')
 INSERT INTO Ubigeo VALUES ('120704','1207','12','Huasahuasi')
 INSERT INTO Ubigeo VALUES ('120705','1207','12','La Union')
 INSERT INTO Ubigeo VALUES ('120706','1207','12','Palca')
 INSERT INTO Ubigeo VALUES ('120707','1207','12','Palcamayo')
 INSERT INTO Ubigeo VALUES ('120708','1207','12','San Pedro De Cajas')
 INSERT INTO Ubigeo VALUES ('120709','1207','12','Tapo')
 INSERT INTO Ubigeo VALUES ('120801','1208','12','La Oroya')
 INSERT INTO Ubigeo VALUES ('120802','1208','12','Chacapalpa')
 INSERT INTO Ubigeo VALUES ('120803','1208','12','HuaY-Huay')
 INSERT INTO Ubigeo VALUES ('120804','1208','12','Marcapomacocha')
 INSERT INTO Ubigeo VALUES ('120805','1208','12','Morococha')
 INSERT INTO Ubigeo VALUES ('120806','1208','12','Paccha')
 INSERT INTO Ubigeo VALUES ('120807','1208','12','Santa Barbara De Carhuacayan')
 INSERT INTO Ubigeo VALUES ('120808','1208','12','Santa Rosa De Sacco')
 INSERT INTO Ubigeo VALUES ('120809','1208','12','Suitucancha')
 INSERT INTO Ubigeo VALUES ('120810','1208','12','Yauli')
 INSERT INTO Ubigeo VALUES ('120901','1209','12','Chupaca')
 INSERT INTO Ubigeo VALUES ('120902','1209','12','Ahuac')
 INSERT INTO Ubigeo VALUES ('120903','1209','12','Chongos Bajo')
 INSERT INTO Ubigeo VALUES ('120904','1209','12','Huachac')
 INSERT INTO Ubigeo VALUES ('120905','1209','12','Huamancaca Chico')
 INSERT INTO Ubigeo VALUES ('120906','1209','12','San Juan De Iscos')
 INSERT INTO Ubigeo VALUES ('120907','1209','12','San Juan De Jarpa')
 INSERT INTO Ubigeo VALUES ('120908','1209','12','Tres De Diciembre')
 INSERT INTO Ubigeo VALUES ('120909','1209','12','Yanacancha')
 INSERT INTO Ubigeo VALUES ('130101','1301','13','Trujillo')
 INSERT INTO Ubigeo VALUES ('130102','1301','13','El Porvenir')
 INSERT INTO Ubigeo VALUES ('130103','1301','13','Florencia De Mora')
 INSERT INTO Ubigeo VALUES ('130104','1301','13','Huanchaco')
 INSERT INTO Ubigeo VALUES ('130105','1301','13','La Esperanza')
 INSERT INTO Ubigeo VALUES ('130106','1301','13','Laredo')
 INSERT INTO Ubigeo VALUES ('130107','1301','13','Moche')
 INSERT INTO Ubigeo VALUES ('130108','1301','13','Poroto')
 INSERT INTO Ubigeo VALUES ('130109','1301','13','Salaverry')
 INSERT INTO Ubigeo VALUES ('130110','1301','13','Simbal')
 INSERT INTO Ubigeo VALUES ('130111','1301','13','Victor Larco Herrera')
 INSERT INTO Ubigeo VALUES ('130201','1302','13','Ascope')
 INSERT INTO Ubigeo VALUES ('130202','1302','13','Chicama')
 INSERT INTO Ubigeo VALUES ('130203','1302','13','Chocope')
 INSERT INTO Ubigeo VALUES ('130204','1302','13','Magdalena De Cao')
 INSERT INTO Ubigeo VALUES ('130205','1302','13','Paijan')
 INSERT INTO Ubigeo VALUES ('130206','1302','13','Razuri')
 INSERT INTO Ubigeo VALUES ('130207','1302','13','Santiago De Cao')
 INSERT INTO Ubigeo VALUES ('130208','1302','13','Casa Grande')
 INSERT INTO Ubigeo VALUES ('130301','1303','13','Bolivar')
 INSERT INTO Ubigeo VALUES ('130302','1303','13','Bambamarca')
 INSERT INTO Ubigeo VALUES ('130303','1303','13','Condormarca')
 INSERT INTO Ubigeo VALUES ('130304','1303','13','Longotea')
 INSERT INTO Ubigeo VALUES ('130305','1303','13','Uchumarca')
 INSERT INTO Ubigeo VALUES ('130306','1303','13','Ucuncha')
 INSERT INTO Ubigeo VALUES ('130401','1304','13','Chepen')
 INSERT INTO Ubigeo VALUES ('130402','1304','13','Pacanga')
 INSERT INTO Ubigeo VALUES ('130403','1304','13','Pueblo Nuevo')
 INSERT INTO Ubigeo VALUES ('130501','1305','13','Julcan')
 INSERT INTO Ubigeo VALUES ('130502','1305','13','Calamarca')
 INSERT INTO Ubigeo VALUES ('130503','1305','13','Carabamba')
 INSERT INTO Ubigeo VALUES ('130504','1305','13','Huaso')
 INSERT INTO Ubigeo VALUES ('130601','1306','13','Otuzco')
 INSERT INTO Ubigeo VALUES ('130602','1306','13','Agallpampa')
 INSERT INTO Ubigeo VALUES ('130604','1306','13','Charat')
 INSERT INTO Ubigeo VALUES ('130605','1306','13','Huaranchal')
 INSERT INTO Ubigeo VALUES ('130606','1306','13','La Cuesta')
 INSERT INTO Ubigeo VALUES ('130608','1306','13','Mache')
 INSERT INTO Ubigeo VALUES ('130610','1306','13','Paranday')
 INSERT INTO Ubigeo VALUES ('130611','1306','13','Salpo')
 INSERT INTO Ubigeo VALUES ('130613','1306','13','Sinsicap')
 INSERT INTO Ubigeo VALUES ('130614','1306','13','Usquil')
 INSERT INTO Ubigeo VALUES ('130701','1307','13','San Pedro De Lloc')
 INSERT INTO Ubigeo VALUES ('130702','1307','13','Guadalupe')
 INSERT INTO Ubigeo VALUES ('130703','1307','13','Jequetepeque')
 INSERT INTO Ubigeo VALUES ('130704','1307','13','Pacasmayo')
 INSERT INTO Ubigeo VALUES ('130705','1307','13','San Jose')
 INSERT INTO Ubigeo VALUES ('130801','1308','13','Tayabamba')
 INSERT INTO Ubigeo VALUES ('130802','1308','13','Buldibuyo')
 INSERT INTO Ubigeo VALUES ('130803','1308','13','Chillia')
 INSERT INTO Ubigeo VALUES ('130804','1308','13','Huancaspata')
 INSERT INTO Ubigeo VALUES ('130805','1308','13','Huaylillas')
 INSERT INTO Ubigeo VALUES ('130806','1308','13','Huayo')
 INSERT INTO Ubigeo VALUES ('130807','1308','13','Ongon')
 INSERT INTO Ubigeo VALUES ('130808','1308','13','Parcoy')
 INSERT INTO Ubigeo VALUES ('130809','1308','13','Pataz')
 INSERT INTO Ubigeo VALUES ('130810','1308','13','Pias')
 INSERT INTO Ubigeo VALUES ('130811','1308','13','Santiago De Challas')
 INSERT INTO Ubigeo VALUES ('130812','1308','13','Taurija')
 INSERT INTO Ubigeo VALUES ('130813','1308','13','Urpay')
 INSERT INTO Ubigeo VALUES ('130901','1309','13','Huamachuco')
 INSERT INTO Ubigeo VALUES ('130902','1309','13','Chugay')
 INSERT INTO Ubigeo VALUES ('130903','1309','13','Cochorco')
 INSERT INTO Ubigeo VALUES ('130904','1309','13','Curgos')
 INSERT INTO Ubigeo VALUES ('130905','1309','13','Marcabal')
 INSERT INTO Ubigeo VALUES ('130906','1309','13','Sanagoran')
 INSERT INTO Ubigeo VALUES ('130907','1309','13','Sarin')
 INSERT INTO Ubigeo VALUES ('130908','1309','13','Sartimbamba')
 INSERT INTO Ubigeo VALUES ('131001','1310','13','Santiago De Chuco')
 INSERT INTO Ubigeo VALUES ('131002','1310','13','Angasmarca')
 INSERT INTO Ubigeo VALUES ('131003','1310','13','Cachicadan')
 INSERT INTO Ubigeo VALUES ('131004','1310','13','Mollebamba')
 INSERT INTO Ubigeo VALUES ('131005','1310','13','Mollepata')
 INSERT INTO Ubigeo VALUES ('131006','1310','13','Quiruvilca')
 INSERT INTO Ubigeo VALUES ('131007','1310','13','Santa Cruz De Chuca')
 INSERT INTO Ubigeo VALUES ('131008','1310','13','Sitabamba')
 INSERT INTO Ubigeo VALUES ('131101','1311','13','Cascas')
 INSERT INTO Ubigeo VALUES ('131102','1311','13','Lucma')
 INSERT INTO Ubigeo VALUES ('131103','1311','13','Marmot')
 INSERT INTO Ubigeo VALUES ('131104','1311','13','Sayapullo')
 INSERT INTO Ubigeo VALUES ('131201','1312','13','Viru')
 INSERT INTO Ubigeo VALUES ('131202','1312','13','Chao')
 INSERT INTO Ubigeo VALUES ('131203','1312','13','Guadalupito')
 INSERT INTO Ubigeo VALUES ('140101','1401','14','Chiclayo')
 INSERT INTO Ubigeo VALUES ('140102','1401','14','Chongoyape')
 INSERT INTO Ubigeo VALUES ('140103','1401','14','Eten')
 INSERT INTO Ubigeo VALUES ('140104','1401','14','Eten Puerto')
 INSERT INTO Ubigeo VALUES ('140105','1401','14','Jose Leonardo Ortiz')
 INSERT INTO Ubigeo VALUES ('140106','1401','14','La Victoria')
 INSERT INTO Ubigeo VALUES ('140107','1401','14','Lagunas')
 INSERT INTO Ubigeo VALUES ('140108','1401','14','Monsefu')
 INSERT INTO Ubigeo VALUES ('140109','1401','14','Nueva Arica')
 INSERT INTO Ubigeo VALUES ('140110','1401','14','Oyotun')
 INSERT INTO Ubigeo VALUES ('140111','1401','14','Picsi')
 INSERT INTO Ubigeo VALUES ('140112','1401','14','Pimentel')
 INSERT INTO Ubigeo VALUES ('140113','1401','14','Reque')
 INSERT INTO Ubigeo VALUES ('140114','1401','14','Santa Rosa')
 INSERT INTO Ubigeo VALUES ('140115','1401','14','Saña')
 INSERT INTO Ubigeo VALUES ('140116','1401','14','Cayalti')
 INSERT INTO Ubigeo VALUES ('140117','1401','14','Patapo')
 INSERT INTO Ubigeo VALUES ('140118','1401','14','Pomalca')
 INSERT INTO Ubigeo VALUES ('140119','1401','14','Pucala')
 INSERT INTO Ubigeo VALUES ('140120','1401','14','Tuman')
 INSERT INTO Ubigeo VALUES ('140139','1401','14','Cieneguilla')
 INSERT INTO Ubigeo VALUES ('140201','1402','14','Ferreñafe')
 INSERT INTO Ubigeo VALUES ('140202','1402','14','Cañaris')
 INSERT INTO Ubigeo VALUES ('140203','1402','14','Incahuasi')
 INSERT INTO Ubigeo VALUES ('140204','1402','14','Manuel Antonio Mesones Muro')
 INSERT INTO Ubigeo VALUES ('140205','1402','14','Pitipo')
 INSERT INTO Ubigeo VALUES ('140206','1402','14','Pueblo Nuevo')
 INSERT INTO Ubigeo VALUES ('140301','1403','14','Lambayeque')
 INSERT INTO Ubigeo VALUES ('140302','1403','14','Chochope')
 INSERT INTO Ubigeo VALUES ('140303','1403','14','Illimo')
 INSERT INTO Ubigeo VALUES ('140304','1403','14','Jayanca')
 INSERT INTO Ubigeo VALUES ('140305','1403','14','Mochumi')
 INSERT INTO Ubigeo VALUES ('140306','1403','14','Morrope')
 INSERT INTO Ubigeo VALUES ('140307','1403','14','Motupe')
 INSERT INTO Ubigeo VALUES ('140308','1403','14','Olmos')
 INSERT INTO Ubigeo VALUES ('140309','1403','14','Pacora')
 INSERT INTO Ubigeo VALUES ('140310','1403','14','Salas')
 INSERT INTO Ubigeo VALUES ('140311','1403','14','San Jose')
 INSERT INTO Ubigeo VALUES ('140312','1403','14','Tucume')
 INSERT INTO Ubigeo VALUES ('150101','1501','15','Lima')
 INSERT INTO Ubigeo VALUES ('150102','1501','15','Ancon')
 INSERT INTO Ubigeo VALUES ('150103','1501','15','Ate')
 INSERT INTO Ubigeo VALUES ('150104','1501','15','Barranco')
 INSERT INTO Ubigeo VALUES ('150105','1501','15','Breña')
 INSERT INTO Ubigeo VALUES ('150106','1501','15','Carabayllo')
 INSERT INTO Ubigeo VALUES ('150107','1501','15','Chaclacayo')
 INSERT INTO Ubigeo VALUES ('150108','1501','15','Chorrillos')
 INSERT INTO Ubigeo VALUES ('150109','1501','15','Cieneguilla')
 INSERT INTO Ubigeo VALUES ('150110','1501','15','Comas')
 INSERT INTO Ubigeo VALUES ('150111','1501','15','El Agustino')
 INSERT INTO Ubigeo VALUES ('150112','1501','15','Independencia')
 INSERT INTO Ubigeo VALUES ('150113','1501','15','Jesus Maria')
 INSERT INTO Ubigeo VALUES ('150114','1501','15','La Molina')
 INSERT INTO Ubigeo VALUES ('150115','1501','15','La Victoria')
 INSERT INTO Ubigeo VALUES ('150116','1501','15','Lince')
 INSERT INTO Ubigeo VALUES ('150117','1501','15','Los Olivos')
 INSERT INTO Ubigeo VALUES ('150118','1501','15','Lurigancho')
 INSERT INTO Ubigeo VALUES ('150119','1501','15','Lurin')
 INSERT INTO Ubigeo VALUES ('150120','1501','15','Magdalena Del Mar')
 INSERT INTO Ubigeo VALUES ('150121','1501','15','Pueblo Libre')
 INSERT INTO Ubigeo VALUES ('150122','1501','15','Miraflores')
 INSERT INTO Ubigeo VALUES ('150123','1501','15','Pachacamac')
 INSERT INTO Ubigeo VALUES ('150124','1501','15','Pucusana')
 INSERT INTO Ubigeo VALUES ('150125','1501','15','Puente Piedra')
 INSERT INTO Ubigeo VALUES ('150126','1501','15','Punta Hermosa')
 INSERT INTO Ubigeo VALUES ('150127','1501','15','Punta Negra')
 INSERT INTO Ubigeo VALUES ('150128','1501','15','Rimac')
 INSERT INTO Ubigeo VALUES ('150129','1501','15','San Bartolo')
 INSERT INTO Ubigeo VALUES ('150130','1501','15','San Borja')
 INSERT INTO Ubigeo VALUES ('150131','1501','15','San Isidro')
 INSERT INTO Ubigeo VALUES ('150132','1501','15','San Juan De Lurigancho')
 INSERT INTO Ubigeo VALUES ('150133','1501','15','San Juan De Miraflores')
 INSERT INTO Ubigeo VALUES ('150134','1501','15','San Luis')
 INSERT INTO Ubigeo VALUES ('150135','1501','15','San Martin De Porres')
 INSERT INTO Ubigeo VALUES ('150136','1501','15','San Miguel')
 INSERT INTO Ubigeo VALUES ('150137','1501','15','Santa Anita')
 INSERT INTO Ubigeo VALUES ('150138','1501','15','Santa Maria Del Mar')
 INSERT INTO Ubigeo VALUES ('150139','1501','15','Santa Rosa')
 INSERT INTO Ubigeo VALUES ('150140','1501','15','Santiago De Surco')
 INSERT INTO Ubigeo VALUES ('150141','1501','15','Surquillo')
 INSERT INTO Ubigeo VALUES ('150142','1501','15','Villa El Salvador')
 INSERT INTO Ubigeo VALUES ('150143','1501','15','Villa Maria Del Triunfo')
 INSERT INTO Ubigeo VALUES ('150201','1502','15','Barranca')
 INSERT INTO Ubigeo VALUES ('150202','1502','15','Paramonga')
 INSERT INTO Ubigeo VALUES ('150203','1502','15','Pativilca')
 INSERT INTO Ubigeo VALUES ('150204','1502','15','Supe')
 INSERT INTO Ubigeo VALUES ('150205','1502','15','Supe Puerto')
 INSERT INTO Ubigeo VALUES ('150301','1503','15','Cajatambo')
 INSERT INTO Ubigeo VALUES ('150302','1503','15','Copa')
 INSERT INTO Ubigeo VALUES ('150303','1503','15','Gorgor')
 INSERT INTO Ubigeo VALUES ('150304','1503','15','Huancapon')
 INSERT INTO Ubigeo VALUES ('150305','1503','15','Manas')
 INSERT INTO Ubigeo VALUES ('150401','1504','15','Canta')
 INSERT INTO Ubigeo VALUES ('150402','1504','15','Arahuay')
 INSERT INTO Ubigeo VALUES ('150403','1504','15','Huamantanga')
 INSERT INTO Ubigeo VALUES ('150404','1504','15','Huaros')
 INSERT INTO Ubigeo VALUES ('150405','1504','15','Lachaqui')
 INSERT INTO Ubigeo VALUES ('150406','1504','15','San Buenaventura')
 INSERT INTO Ubigeo VALUES ('150407','1504','15','Santa Rosa De Quives')
 INSERT INTO Ubigeo VALUES ('150501','1505','15','San Vicente De Cañete')
 INSERT INTO Ubigeo VALUES ('150502','1505','15','Asia')
 INSERT INTO Ubigeo VALUES ('150503','1505','15','Calango')
 INSERT INTO Ubigeo VALUES ('150504','1505','15','Cerro Azul')
 INSERT INTO Ubigeo VALUES ('150505','1505','15','Chilca')
 INSERT INTO Ubigeo VALUES ('150506','1505','15','Coayllo')
 INSERT INTO Ubigeo VALUES ('150507','1505','15','Imperial')
 INSERT INTO Ubigeo VALUES ('150508','1505','15','Lunahuana')
 INSERT INTO Ubigeo VALUES ('150509','1505','15','Mala')
 INSERT INTO Ubigeo VALUES ('150510','1505','15','Nuevo Imperial')
 INSERT INTO Ubigeo VALUES ('150511','1505','15','Pacaran')
 INSERT INTO Ubigeo VALUES ('150512','1505','15','Quilmana')
 INSERT INTO Ubigeo VALUES ('150513','1505','15','San Antonio')
 INSERT INTO Ubigeo VALUES ('150514','1505','15','San Luis')
 INSERT INTO Ubigeo VALUES ('150515','1505','15','Santa Cruz De Flores')
 INSERT INTO Ubigeo VALUES ('150516','1505','15','Zuñiga')
 INSERT INTO Ubigeo VALUES ('150601','1506','15','Huaral')
 INSERT INTO Ubigeo VALUES ('150602','1506','15','Atavillos Alto')
 INSERT INTO Ubigeo VALUES ('150603','1506','15','Atavillos Bajo')
 INSERT INTO Ubigeo VALUES ('150604','1506','15','Aucallama')
 INSERT INTO Ubigeo VALUES ('150605','1506','15','Chancay')
 INSERT INTO Ubigeo VALUES ('150606','1506','15','Ihuari')
 INSERT INTO Ubigeo VALUES ('150607','1506','15','Lampian')
 INSERT INTO Ubigeo VALUES ('150608','1506','15','Pacaraos')
 INSERT INTO Ubigeo VALUES ('150609','1506','15','San Miguel De Acos')
 INSERT INTO Ubigeo VALUES ('150610','1506','15','Santa Cruz De Andamarca')
 INSERT INTO Ubigeo VALUES ('150611','1506','15','Sumbilca')
 INSERT INTO Ubigeo VALUES ('150612','1506','15','Veintisiete De Noviembre')
 INSERT INTO Ubigeo VALUES ('150701','1507','15','Matucana')
 INSERT INTO Ubigeo VALUES ('150702','1507','15','Antioquia')
 INSERT INTO Ubigeo VALUES ('150703','1507','15','Callahuanca')
 INSERT INTO Ubigeo VALUES ('150704','1507','15','Carampoma')
 INSERT INTO Ubigeo VALUES ('150705','1507','15','Chicla')
 INSERT INTO Ubigeo VALUES ('150706','1507','15','Cuenca')
 INSERT INTO Ubigeo VALUES ('150707','1507','15','Huachupampa')
 INSERT INTO Ubigeo VALUES ('150708','1507','15','Huanza')
 INSERT INTO Ubigeo VALUES ('150709','1507','15','Huarochiri')
 INSERT INTO Ubigeo VALUES ('150710','1507','15','Lahuaytambo')
 INSERT INTO Ubigeo VALUES ('150711','1507','15','Langa')
 INSERT INTO Ubigeo VALUES ('150712','1507','15','San Pedro De Laraos')
 INSERT INTO Ubigeo VALUES ('150713','1507','15','Mariatana')
 INSERT INTO Ubigeo VALUES ('150714','1507','15','Ricardo Palma')
 INSERT INTO Ubigeo VALUES ('150715','1507','15','San Andres De Tupicocha')
 INSERT INTO Ubigeo VALUES ('150716','1507','15','San Antonio')
 INSERT INTO Ubigeo VALUES ('150717','1507','15','San Bartolome')
 INSERT INTO Ubigeo VALUES ('150718','1507','15','San Damian')
 INSERT INTO Ubigeo VALUES ('150719','1507','15','San Juan De Iris')
 INSERT INTO Ubigeo VALUES ('150720','1507','15','San Juan De Tantaranche')
 INSERT INTO Ubigeo VALUES ('150721','1507','15','San Lorenzo De Quinti')
 INSERT INTO Ubigeo VALUES ('150722','1507','15','San Mateo')
 INSERT INTO Ubigeo VALUES ('150723','1507','15','San Mateo De Otao')
 INSERT INTO Ubigeo VALUES ('150724','1507','15','San Pedro De Casta')
 INSERT INTO Ubigeo VALUES ('150725','1507','15','San Pedro De Huancayre')
 INSERT INTO Ubigeo VALUES ('150726','1507','15','Sangallaya')
 INSERT INTO Ubigeo VALUES ('150727','1507','15','Santa Cruz De Cocachacra')
 INSERT INTO Ubigeo VALUES ('150728','1507','15','Santa Eulalia')
 INSERT INTO Ubigeo VALUES ('150729','1507','15','Santiago De Anchucaya')
 INSERT INTO Ubigeo VALUES ('150730','1507','15','Santiago De Tuna')
 INSERT INTO Ubigeo VALUES ('150731','1507','15','Santo Domingo De Los Olleros')
 INSERT INTO Ubigeo VALUES ('150732','1507','15','Surco')
 INSERT INTO Ubigeo VALUES ('150801','1508','15','Huacho')
 INSERT INTO Ubigeo VALUES ('150802','1508','15','Ambar')
 INSERT INTO Ubigeo VALUES ('150803','1508','15','Caleta De Carquin')
 INSERT INTO Ubigeo VALUES ('150804','1508','15','Checras')
 INSERT INTO Ubigeo VALUES ('150805','1508','15','Hualmay')
 INSERT INTO Ubigeo VALUES ('150806','1508','15','Huaura')
 INSERT INTO Ubigeo VALUES ('150807','1508','15','Leoncio Prado')
 INSERT INTO Ubigeo VALUES ('150808','1508','15','Paccho')
 INSERT INTO Ubigeo VALUES ('150809','1508','15','Santa Leonor')
 INSERT INTO Ubigeo VALUES ('150810','1508','15','Santa Maria')
 INSERT INTO Ubigeo VALUES ('150811','1508','15','Sayan')
 INSERT INTO Ubigeo VALUES ('150812','1508','15','Vegueta')
 INSERT INTO Ubigeo VALUES ('150901','1509','15','Oyon')
 INSERT INTO Ubigeo VALUES ('150902','1509','15','Andajes')
 INSERT INTO Ubigeo VALUES ('150903','1509','15','Caujul')
 INSERT INTO Ubigeo VALUES ('150904','1509','15','Cochamarca')
 INSERT INTO Ubigeo VALUES ('150905','1509','15','Navan')
 INSERT INTO Ubigeo VALUES ('150906','1509','15','Pachangara')
 INSERT INTO Ubigeo VALUES ('151001','1510','15','Yauyos')
 INSERT INTO Ubigeo VALUES ('151002','1510','15','Alis')
 INSERT INTO Ubigeo VALUES ('151003','1510','15','Allauca')
 INSERT INTO Ubigeo VALUES ('151004','1510','15','Ayaviri')
 INSERT INTO Ubigeo VALUES ('151005','1510','15','Azangaro')
 INSERT INTO Ubigeo VALUES ('151006','1510','15','Cacra')
 INSERT INTO Ubigeo VALUES ('151007','1510','15','Carania')
 INSERT INTO Ubigeo VALUES ('151008','1510','15','Catahuasi')
 INSERT INTO Ubigeo VALUES ('151009','1510','15','Chocos')
 INSERT INTO Ubigeo VALUES ('151010','1510','15','Cochas')
 INSERT INTO Ubigeo VALUES ('151011','1510','15','Colonia')
 INSERT INTO Ubigeo VALUES ('151012','1510','15','Hongos')
 INSERT INTO Ubigeo VALUES ('151013','1510','15','Huampara')
 INSERT INTO Ubigeo VALUES ('151014','1510','15','Huancaya')
 INSERT INTO Ubigeo VALUES ('151015','1510','15','Huangascar')
 INSERT INTO Ubigeo VALUES ('151016','1510','15','Huantan')
 INSERT INTO Ubigeo VALUES ('151017','1510','15','Huañec')
 INSERT INTO Ubigeo VALUES ('151018','1510','15','Laraos')
 INSERT INTO Ubigeo VALUES ('151019','1510','15','Lincha')
 INSERT INTO Ubigeo VALUES ('151020','1510','15','Madean')
 INSERT INTO Ubigeo VALUES ('151021','1510','15','Miraflores')
 INSERT INTO Ubigeo VALUES ('151022','1510','15','Omas')
 INSERT INTO Ubigeo VALUES ('151023','1510','15','Putinza')
 INSERT INTO Ubigeo VALUES ('151024','1510','15','Quinches')
 INSERT INTO Ubigeo VALUES ('151025','1510','15','Quinocay')
 INSERT INTO Ubigeo VALUES ('151026','1510','15','San Joaquin')
 INSERT INTO Ubigeo VALUES ('151027','1510','15','San Pedro De Pilas')
 INSERT INTO Ubigeo VALUES ('151028','1510','15','Tanta')
 INSERT INTO Ubigeo VALUES ('151029','1510','15','Tauripampa')
 INSERT INTO Ubigeo VALUES ('151030','1510','15','Tomas')
 INSERT INTO Ubigeo VALUES ('151031','1510','15','Tupe')
 INSERT INTO Ubigeo VALUES ('151032','1510','15','Viñac')
 INSERT INTO Ubigeo VALUES ('151033','1510','15','Vitis')
 INSERT INTO Ubigeo VALUES ('160101','1601','16','Iquitos')
 INSERT INTO Ubigeo VALUES ('160102','1601','16','Alto Nanay')
 INSERT INTO Ubigeo VALUES ('160103','1601','16','Fernando Lores')
 INSERT INTO Ubigeo VALUES ('160104','1601','16','Indiana')
 INSERT INTO Ubigeo VALUES ('160105','1601','16','Las Amazonas')
 INSERT INTO Ubigeo VALUES ('160106','1601','16','Mazan')
 INSERT INTO Ubigeo VALUES ('160107','1601','16','Napo')
 INSERT INTO Ubigeo VALUES ('160108','1601','16','Punchana')
 INSERT INTO Ubigeo VALUES ('160109','1601','16','San Antonio del Estrecho')
 INSERT INTO Ubigeo VALUES ('160110','1601','16','Torres Causana')
 INSERT INTO Ubigeo VALUES ('160112','1601','16','Belen')
 INSERT INTO Ubigeo VALUES ('160113','1601','16','San Juan Bautista')
 INSERT INTO Ubigeo VALUES ('160114','1601','16','Soplin Vargas')
 INSERT INTO Ubigeo VALUES ('160201','1602','16','Yurimaguas')
 INSERT INTO Ubigeo VALUES ('160202','1602','16','Balsapuerto')
 INSERT INTO Ubigeo VALUES ('160205','1602','16','Jeberos')
 INSERT INTO Ubigeo VALUES ('160206','1602','16','Lagunas')
 INSERT INTO Ubigeo VALUES ('160210','1602','16','Santa Cruz')
 INSERT INTO Ubigeo VALUES ('160211','1602','16','Teniente Cesar Lopez Rojas')
 INSERT INTO Ubigeo VALUES ('160301','1603','16','Nauta')
 INSERT INTO Ubigeo VALUES ('160302','1603','16','Parinari')
 INSERT INTO Ubigeo VALUES ('160303','1603','16','Tigre')
 INSERT INTO Ubigeo VALUES ('160304','1603','16','Trompeteros')
 INSERT INTO Ubigeo VALUES ('160305','1603','16','Urarinas')
 INSERT INTO Ubigeo VALUES ('160401','1604','16','Ramon Castilla')
 INSERT INTO Ubigeo VALUES ('160402','1604','16','Pebas')
 INSERT INTO Ubigeo VALUES ('160403','1604','16','Yavari')
 INSERT INTO Ubigeo VALUES ('160404','1604','16','San Pablo')
 INSERT INTO Ubigeo VALUES ('160501','1605','16','Requena')
 INSERT INTO Ubigeo VALUES ('160502','1605','16','Alto Tapiche')
 INSERT INTO Ubigeo VALUES ('160503','1605','16','Capelo')
 INSERT INTO Ubigeo VALUES ('160504','1605','16','Emilio San Martin')
 INSERT INTO Ubigeo VALUES ('160505','1605','16','Maquia')
 INSERT INTO Ubigeo VALUES ('160506','1605','16','Puinahua')
 INSERT INTO Ubigeo VALUES ('160507','1605','16','Saquena')
 INSERT INTO Ubigeo VALUES ('160508','1605','16','Soplin')
 INSERT INTO Ubigeo VALUES ('160509','1605','16','Tapiche')
 INSERT INTO Ubigeo VALUES ('160510','1605','16','Jenaro Herrera')
 INSERT INTO Ubigeo VALUES ('160511','1605','16','Yaquerana')
 INSERT INTO Ubigeo VALUES ('160601','1606','16','Contamana')
 INSERT INTO Ubigeo VALUES ('160602','1606','16','Inahuaya')
 INSERT INTO Ubigeo VALUES ('160603','1606','16','Padre Marquez')
 INSERT INTO Ubigeo VALUES ('160604','1606','16','Pampa Hermosa')
 INSERT INTO Ubigeo VALUES ('160605','1606','16','Sarayacu')
 INSERT INTO Ubigeo VALUES ('160606','1606','16','Vargas Guerra')
 INSERT INTO Ubigeo VALUES ('160701','1607','16','Barranca')
 INSERT INTO Ubigeo VALUES ('160702','1607','16','Cahuapanas')
 INSERT INTO Ubigeo VALUES ('160703','1607','16','Manseriche')
 INSERT INTO Ubigeo VALUES ('160704','1607','16','Morona')
 INSERT INTO Ubigeo VALUES ('160705','1607','16','Pastaza')
 INSERT INTO Ubigeo VALUES ('160706','1607','16','Andoas')
 INSERT INTO Ubigeo VALUES ('160801','1608','16','Putumayo')
 INSERT INTO Ubigeo VALUES ('160802','1608','16','Rosa Panduro')
 INSERT INTO Ubigeo VALUES ('160803','1608','16','Teniente Manuel Clavero')
 INSERT INTO Ubigeo VALUES ('160804','1608','16','Yaguas')
 INSERT INTO Ubigeo VALUES ('170101','1701','17','Tambopata')
 INSERT INTO Ubigeo VALUES ('170102','1701','17','Inambari')
 INSERT INTO Ubigeo VALUES ('170103','1701','17','Las Piedras')
 INSERT INTO Ubigeo VALUES ('170104','1701','17','Laberinto')
 INSERT INTO Ubigeo VALUES ('170201','1702','17','Manu')
 INSERT INTO Ubigeo VALUES ('170202','1702','17','Fitzcarrald')
 INSERT INTO Ubigeo VALUES ('170203','1702','17','Madre De Dios')
 INSERT INTO Ubigeo VALUES ('170204','1702','17','Huepetuhe')
 INSERT INTO Ubigeo VALUES ('170301','1703','17','Iñapari')
 INSERT INTO Ubigeo VALUES ('170302','1703','17','Iberia')
 INSERT INTO Ubigeo VALUES ('170303','1703','17','Tahuamanu')
 INSERT INTO Ubigeo VALUES ('180101','1801','18','Moquegua')
 INSERT INTO Ubigeo VALUES ('180102','1801','18','Carumas')
 INSERT INTO Ubigeo VALUES ('180103','1801','18','Cuchumbaya')
 INSERT INTO Ubigeo VALUES ('180104','1801','18','Samegua')
 INSERT INTO Ubigeo VALUES ('180105','1801','18','San Cristobal')
 INSERT INTO Ubigeo VALUES ('180106','1801','18','Torata')
 INSERT INTO Ubigeo VALUES ('180201','1802','18','Omate')
 INSERT INTO Ubigeo VALUES ('180202','1802','18','Chojata')
 INSERT INTO Ubigeo VALUES ('180203','1802','18','Coalaque')
 INSERT INTO Ubigeo VALUES ('180204','1802','18','Ichuña')
 INSERT INTO Ubigeo VALUES ('180205','1802','18','La Capilla')
 INSERT INTO Ubigeo VALUES ('180206','1802','18','Lloque')
 INSERT INTO Ubigeo VALUES ('180207','1802','18','Matalaque')
 INSERT INTO Ubigeo VALUES ('180208','1802','18','Puquina')
 INSERT INTO Ubigeo VALUES ('180209','1802','18','Quinistaquillas')
 INSERT INTO Ubigeo VALUES ('180210','1802','18','Ubinas')
 INSERT INTO Ubigeo VALUES ('180211','1802','18','Yunga')
 INSERT INTO Ubigeo VALUES ('180301','1803','18','Ilo')
 INSERT INTO Ubigeo VALUES ('180302','1803','18','El Algarrobal')
 INSERT INTO Ubigeo VALUES ('180303','1803','18','Pacocha')
 INSERT INTO Ubigeo VALUES ('190101','1901','19','Chaupimarca')
 INSERT INTO Ubigeo VALUES ('190102','1901','19','Huachon')
 INSERT INTO Ubigeo VALUES ('190103','1901','19','Huariaca')
 INSERT INTO Ubigeo VALUES ('190104','1901','19','Huayllay')
 INSERT INTO Ubigeo VALUES ('190105','1901','19','Ninacaca')
 INSERT INTO Ubigeo VALUES ('190106','1901','19','Pallanchacra')
 INSERT INTO Ubigeo VALUES ('190107','1901','19','Paucartambo')
 INSERT INTO Ubigeo VALUES ('190108','1901','19','San Francisco De Asis De Yarusyacan')
 INSERT INTO Ubigeo VALUES ('190109','1901','19','Simon Bolivar')
 INSERT INTO Ubigeo VALUES ('190110','1901','19','Ticlacayan')
 INSERT INTO Ubigeo VALUES ('190111','1901','19','Tinyahuarco')
 INSERT INTO Ubigeo VALUES ('190112','1901','19','Vicco')
 INSERT INTO Ubigeo VALUES ('190113','1901','19','Yanacancha')
 INSERT INTO Ubigeo VALUES ('190114','1901','19','El Tallan')
 INSERT INTO Ubigeo VALUES ('190201','1902','19','Yanahuanca')
 INSERT INTO Ubigeo VALUES ('190202','1902','19','Chacayan')
 INSERT INTO Ubigeo VALUES ('190203','1902','19','Goyllarisquizga')
 INSERT INTO Ubigeo VALUES ('190204','1902','19','Paucar')
 INSERT INTO Ubigeo VALUES ('190205','1902','19','San Pedro De Pillao')
 INSERT INTO Ubigeo VALUES ('190206','1902','19','Santa Ana De Tusi')
 INSERT INTO Ubigeo VALUES ('190207','1902','19','Tapuc')
 INSERT INTO Ubigeo VALUES ('190208','1902','19','Vilcabamba')
 INSERT INTO Ubigeo VALUES ('190301','1903','19','Oxapampa')
 INSERT INTO Ubigeo VALUES ('190302','1903','19','Chontabamba')
 INSERT INTO Ubigeo VALUES ('190303','1903','19','Huancabamba')
 INSERT INTO Ubigeo VALUES ('190304','1903','19','Palcazu')
 INSERT INTO Ubigeo VALUES ('190305','1903','19','Pozuzo')
 INSERT INTO Ubigeo VALUES ('190306','1903','19','Puerto Bermudez')
 INSERT INTO Ubigeo VALUES ('190307','1903','19','Villa Rica')
 INSERT INTO Ubigeo VALUES ('190308','1903','19','Constitucion')
 INSERT INTO Ubigeo VALUES ('200101','2001','20','Piura')
 INSERT INTO Ubigeo VALUES ('200104','2001','20','Castilla')
 INSERT INTO Ubigeo VALUES ('200105','2001','20','Catacaos')
 INSERT INTO Ubigeo VALUES ('200107','2001','20','Cura Mori')
 INSERT INTO Ubigeo VALUES ('200108','2001','20','El Tallan')
 INSERT INTO Ubigeo VALUES ('200109','2001','20','La Arena')
 INSERT INTO Ubigeo VALUES ('200110','2001','20','La Union')
 INSERT INTO Ubigeo VALUES ('200111','2001','20','Las Lomas')
 INSERT INTO Ubigeo VALUES ('200114','2001','20','Tambo Grande')
 INSERT INTO Ubigeo VALUES ('200115','2001','20','Veintiseis De Octubre')
 INSERT INTO Ubigeo VALUES ('200201','2002','20','Ayabaca')
 INSERT INTO Ubigeo VALUES ('200202','2002','20','Frias')
 INSERT INTO Ubigeo VALUES ('200203','2002','20','Jilili')
 INSERT INTO Ubigeo VALUES ('200204','2002','20','Lagunas')
 INSERT INTO Ubigeo VALUES ('200205','2002','20','Montero')
 INSERT INTO Ubigeo VALUES ('200206','2002','20','Pacaipampa')
 INSERT INTO Ubigeo VALUES ('200207','2002','20','Paimas')
 INSERT INTO Ubigeo VALUES ('200208','2002','20','Sapillica')
 INSERT INTO Ubigeo VALUES ('200209','2002','20','Sicchez')
 INSERT INTO Ubigeo VALUES ('200210','2002','20','Suyo')
 INSERT INTO Ubigeo VALUES ('200301','2003','20','Huancabamba')
 INSERT INTO Ubigeo VALUES ('200302','2003','20','Canchaque')
 INSERT INTO Ubigeo VALUES ('200303','2003','20','El Carmen De La Frontera')
 INSERT INTO Ubigeo VALUES ('200304','2003','20','Huarmaca')
 INSERT INTO Ubigeo VALUES ('200305','2003','20','Lalaquiz')
 INSERT INTO Ubigeo VALUES ('200306','2003','20','San Miguel De El Faique')
 INSERT INTO Ubigeo VALUES ('200307','2003','20','Sondor')
 INSERT INTO Ubigeo VALUES ('200308','2003','20','Sondorillo')
 INSERT INTO Ubigeo VALUES ('200401','2004','20','Chulucanas')
 INSERT INTO Ubigeo VALUES ('200402','2004','20','Buenos Aires')
 INSERT INTO Ubigeo VALUES ('200403','2004','20','Chalaco')
 INSERT INTO Ubigeo VALUES ('200404','2004','20','La Matanza')
 INSERT INTO Ubigeo VALUES ('200405','2004','20','Morropon')
 INSERT INTO Ubigeo VALUES ('200406','2004','20','Salitral')
 INSERT INTO Ubigeo VALUES ('200407','2004','20','San Juan De Bigote')
 INSERT INTO Ubigeo VALUES ('200408','2004','20','Santa Catalina De Mossa')
 INSERT INTO Ubigeo VALUES ('200409','2004','20','Santo Domingo')
 INSERT INTO Ubigeo VALUES ('200410','2004','20','Yamango')
 INSERT INTO Ubigeo VALUES ('200501','2005','20','Paita')
 INSERT INTO Ubigeo VALUES ('200502','2005','20','Amotape')
 INSERT INTO Ubigeo VALUES ('200503','2005','20','Arenal')
 INSERT INTO Ubigeo VALUES ('200504','2005','20','Colan')
 INSERT INTO Ubigeo VALUES ('200505','2005','20','La Huaca')
 INSERT INTO Ubigeo VALUES ('200506','2005','20','Tamarindo')
 INSERT INTO Ubigeo VALUES ('200507','2005','20','Vichayal')
 INSERT INTO Ubigeo VALUES ('200601','2006','20','Sullana')
 INSERT INTO Ubigeo VALUES ('200602','2006','20','Bellavista')
 INSERT INTO Ubigeo VALUES ('200603','2006','20','Ignacio Escudero')
 INSERT INTO Ubigeo VALUES ('200604','2006','20','Lancones')
 INSERT INTO Ubigeo VALUES ('200605','2006','20','Marcavelica')
 INSERT INTO Ubigeo VALUES ('200606','2006','20','Miguel Checa')
 INSERT INTO Ubigeo VALUES ('200607','2006','20','Querecotillo')
 INSERT INTO Ubigeo VALUES ('200608','2006','20','Salitral')
 INSERT INTO Ubigeo VALUES ('200701','2007','20','Pariñas')
 INSERT INTO Ubigeo VALUES ('200702','2007','20','El Alto')
 INSERT INTO Ubigeo VALUES ('200703','2007','20','La Brea')
 INSERT INTO Ubigeo VALUES ('200704','2007','20','Lobitos')
 INSERT INTO Ubigeo VALUES ('200705','2007','20','Los Organos')
 INSERT INTO Ubigeo VALUES ('200706','2007','20','Mancora')
 INSERT INTO Ubigeo VALUES ('200801','2008','20','Sechura')
 INSERT INTO Ubigeo VALUES ('200802','2008','20','Bellavista De La Union')
 INSERT INTO Ubigeo VALUES ('200803','2008','20','Bernal')
 INSERT INTO Ubigeo VALUES ('200804','2008','20','Cristo Nos Valga')
 INSERT INTO Ubigeo VALUES ('200805','2008','20','Vice')
 INSERT INTO Ubigeo VALUES ('200806','2008','20','Rinconada Llicuar')
 INSERT INTO Ubigeo VALUES ('210101','2101','21','Puno')
 INSERT INTO Ubigeo VALUES ('210102','2101','21','Acora')
 INSERT INTO Ubigeo VALUES ('210103','2101','21','Amantani')
 INSERT INTO Ubigeo VALUES ('210104','2101','21','Atuncolla')
 INSERT INTO Ubigeo VALUES ('210105','2101','21','Capachica')
 INSERT INTO Ubigeo VALUES ('210106','2101','21','Chucuito')
 INSERT INTO Ubigeo VALUES ('210107','2101','21','Coata')
 INSERT INTO Ubigeo VALUES ('210108','2101','21','Huata')
 INSERT INTO Ubigeo VALUES ('210109','2101','21','Mañazo')
 INSERT INTO Ubigeo VALUES ('210110','2101','21','Paucarcolla')
 INSERT INTO Ubigeo VALUES ('210111','2101','21','Pichacani')
 INSERT INTO Ubigeo VALUES ('210112','2101','21','Plateria')
 INSERT INTO Ubigeo VALUES ('210113','2101','21','San Antonio')
 INSERT INTO Ubigeo VALUES ('210114','2101','21','Tiquillaca')
 INSERT INTO Ubigeo VALUES ('210115','2101','21','Vilque')
 INSERT INTO Ubigeo VALUES ('210201','2102','21','Azangaro')
 INSERT INTO Ubigeo VALUES ('210202','2102','21','Achaya')
 INSERT INTO Ubigeo VALUES ('210203','2102','21','Arapa')
 INSERT INTO Ubigeo VALUES ('210204','2102','21','Asillo')
 INSERT INTO Ubigeo VALUES ('210205','2102','21','Caminaca')
 INSERT INTO Ubigeo VALUES ('210206','2102','21','Chupa')
 INSERT INTO Ubigeo VALUES ('210207','2102','21','Jose Domingo Choquehuanca')
 INSERT INTO Ubigeo VALUES ('210208','2102','21','Muñani')
 INSERT INTO Ubigeo VALUES ('210209','2102','21','Potoni')
 INSERT INTO Ubigeo VALUES ('210210','2102','21','Saman')
 INSERT INTO Ubigeo VALUES ('210211','2102','21','San Anton')
 INSERT INTO Ubigeo VALUES ('210212','2102','21','San Jose')
 INSERT INTO Ubigeo VALUES ('210213','2102','21','San Juan De Salinas')
 INSERT INTO Ubigeo VALUES ('210214','2102','21','Santiago De Pupuja')
 INSERT INTO Ubigeo VALUES ('210215','2102','21','Tirapata')
 INSERT INTO Ubigeo VALUES ('210301','2103','21','Macusani')
 INSERT INTO Ubigeo VALUES ('210302','2103','21','Ajoyani')
 INSERT INTO Ubigeo VALUES ('210303','2103','21','Ayapata')
 INSERT INTO Ubigeo VALUES ('210304','2103','21','Coasa')
 INSERT INTO Ubigeo VALUES ('210305','2103','21','Corani')
 INSERT INTO Ubigeo VALUES ('210306','2103','21','Crucero')
 INSERT INTO Ubigeo VALUES ('210307','2103','21','Ituata')
 INSERT INTO Ubigeo VALUES ('210308','2103','21','Ollachea')
 INSERT INTO Ubigeo VALUES ('210309','2103','21','San Gaban')
 INSERT INTO Ubigeo VALUES ('210310','2103','21','Usicayos')
 INSERT INTO Ubigeo VALUES ('210401','2104','21','Juli')
 INSERT INTO Ubigeo VALUES ('210402','2104','21','Desaguadero')
 INSERT INTO Ubigeo VALUES ('210403','2104','21','Huacullani')
 INSERT INTO Ubigeo VALUES ('210404','2104','21','Kelluyo')
 INSERT INTO Ubigeo VALUES ('210405','2104','21','Pisacoma')
 INSERT INTO Ubigeo VALUES ('210406','2104','21','Pomata')
 INSERT INTO Ubigeo VALUES ('210407','2104','21','Zepita')
 INSERT INTO Ubigeo VALUES ('210501','2105','21','Ilave')
 INSERT INTO Ubigeo VALUES ('210502','2105','21','Capazo')
 INSERT INTO Ubigeo VALUES ('210503','2105','21','Pilcuyo')
 INSERT INTO Ubigeo VALUES ('210504','2105','21','Santa Rosa')
 INSERT INTO Ubigeo VALUES ('210505','2105','21','Conduriri')
 INSERT INTO Ubigeo VALUES ('210601','2106','21','Huancane')
 INSERT INTO Ubigeo VALUES ('210602','2106','21','Cojata')
 INSERT INTO Ubigeo VALUES ('210603','2106','21','Huatasani')
 INSERT INTO Ubigeo VALUES ('210604','2106','21','Inchupalla')
 INSERT INTO Ubigeo VALUES ('210605','2106','21','Pusi')
 INSERT INTO Ubigeo VALUES ('210606','2106','21','Rosaspata')
 INSERT INTO Ubigeo VALUES ('210607','2106','21','Taraco')
 INSERT INTO Ubigeo VALUES ('210608','2106','21','Vilque Chico')
 INSERT INTO Ubigeo VALUES ('210701','2107','21','Lampa')
 INSERT INTO Ubigeo VALUES ('210702','2107','21','Cabanilla')
 INSERT INTO Ubigeo VALUES ('210703','2107','21','Calapuja')
 INSERT INTO Ubigeo VALUES ('210704','2107','21','Nicasio')
 INSERT INTO Ubigeo VALUES ('210705','2107','21','Ocuviri')
 INSERT INTO Ubigeo VALUES ('210706','2107','21','Palca')
 INSERT INTO Ubigeo VALUES ('210707','2107','21','Paratia')
 INSERT INTO Ubigeo VALUES ('210708','2107','21','Pucara')
 INSERT INTO Ubigeo VALUES ('210709','2107','21','Santa Lucia')
 INSERT INTO Ubigeo VALUES ('210710','2107','21','Vilavila')
 INSERT INTO Ubigeo VALUES ('210801','2108','21','Ayaviri')
 INSERT INTO Ubigeo VALUES ('210802','2108','21','Antauta')
 INSERT INTO Ubigeo VALUES ('210803','2108','21','Cupi')
 INSERT INTO Ubigeo VALUES ('210804','2108','21','Llalli')
 INSERT INTO Ubigeo VALUES ('210805','2108','21','Macari')
 INSERT INTO Ubigeo VALUES ('210806','2108','21','Nuñoa')
 INSERT INTO Ubigeo VALUES ('210807','2108','21','Orurillo')
 INSERT INTO Ubigeo VALUES ('210808','2108','21','Santa Rosa')
 INSERT INTO Ubigeo VALUES ('210809','2108','21','Umachiri')
 INSERT INTO Ubigeo VALUES ('210901','2109','21','Moho')
 INSERT INTO Ubigeo VALUES ('210902','2109','21','Conima')
 INSERT INTO Ubigeo VALUES ('210903','2109','21','Huayrapata')
 INSERT INTO Ubigeo VALUES ('210904','2109','21','Tilali')
 INSERT INTO Ubigeo VALUES ('211001','2110','21','Putina')
 INSERT INTO Ubigeo VALUES ('211002','2110','21','Ananea')
 INSERT INTO Ubigeo VALUES ('211003','2110','21','Pedro Vilca Apaza')
 INSERT INTO Ubigeo VALUES ('211004','2110','21','Quilcapuncu')
 INSERT INTO Ubigeo VALUES ('211005','2110','21','Sina')
 INSERT INTO Ubigeo VALUES ('211101','2111','21','Juliaca')
 INSERT INTO Ubigeo VALUES ('211102','2111','21','Cabana')
 INSERT INTO Ubigeo VALUES ('211103','2111','21','Cabanillas')
 INSERT INTO Ubigeo VALUES ('211104','2111','21','Caracoto')
 INSERT INTO Ubigeo VALUES ('211105','2111','21','San Miguel')
 INSERT INTO Ubigeo VALUES ('211201','2112','21','Sandia')
 INSERT INTO Ubigeo VALUES ('211202','2112','21','Cuyocuyo')
 INSERT INTO Ubigeo VALUES ('211203','2112','21','Limbani')
 INSERT INTO Ubigeo VALUES ('211204','2112','21','Patambuco')
 INSERT INTO Ubigeo VALUES ('211205','2112','21','Phara')
 INSERT INTO Ubigeo VALUES ('211206','2112','21','Quiaca')
 INSERT INTO Ubigeo VALUES ('211207','2112','21','San Juan Del Oro')
 INSERT INTO Ubigeo VALUES ('211208','2112','21','Yanahuaya')
 INSERT INTO Ubigeo VALUES ('211209','2112','21','Alto Inambari')
 INSERT INTO Ubigeo VALUES ('211210','2112','21','San Pedro De Putina Punco')
 INSERT INTO Ubigeo VALUES ('211301','2113','21','Yunguyo')
 INSERT INTO Ubigeo VALUES ('211302','2113','21','Anapia')
 INSERT INTO Ubigeo VALUES ('211303','2113','21','Copani')
 INSERT INTO Ubigeo VALUES ('211304','2113','21','Cuturapi')
 INSERT INTO Ubigeo VALUES ('211305','2113','21','Ollaraya')
 INSERT INTO Ubigeo VALUES ('211306','2113','21','Tinicachi')
 INSERT INTO Ubigeo VALUES ('211307','2113','21','Unicachi')
 INSERT INTO Ubigeo VALUES ('220101','2201','22','Moyobamba')
 INSERT INTO Ubigeo VALUES ('220102','2201','22','Calzada')
 INSERT INTO Ubigeo VALUES ('220103','2201','22','Habana')
 INSERT INTO Ubigeo VALUES ('220104','2201','22','Jepelacio')
 INSERT INTO Ubigeo VALUES ('220105','2201','22','Soritor')
 INSERT INTO Ubigeo VALUES ('220106','2201','22','Yantalo')
 INSERT INTO Ubigeo VALUES ('220201','2202','22','Bellavista')
 INSERT INTO Ubigeo VALUES ('220202','2202','22','Alto Biavo')
 INSERT INTO Ubigeo VALUES ('220203','2202','22','Bajo Biavo')
 INSERT INTO Ubigeo VALUES ('220204','2202','22','Huallaga')
 INSERT INTO Ubigeo VALUES ('220205','2202','22','San Pablo')
 INSERT INTO Ubigeo VALUES ('220206','2202','22','San Rafael')
 INSERT INTO Ubigeo VALUES ('220301','2203','22','San Jose De Sisa')
 INSERT INTO Ubigeo VALUES ('220302','2203','22','Agua Blanca')
 INSERT INTO Ubigeo VALUES ('220303','2203','22','San Martin')
 INSERT INTO Ubigeo VALUES ('220304','2203','22','Santa Rosa')
 INSERT INTO Ubigeo VALUES ('220305','2203','22','Shatoja')
 INSERT INTO Ubigeo VALUES ('220401','2204','22','Saposoa')
 INSERT INTO Ubigeo VALUES ('220402','2204','22','Alto Saposoa')
 INSERT INTO Ubigeo VALUES ('220403','2204','22','El Eslabon')
 INSERT INTO Ubigeo VALUES ('220404','2204','22','Piscoyacu')
 INSERT INTO Ubigeo VALUES ('220405','2204','22','Sacanche')
 INSERT INTO Ubigeo VALUES ('220406','2204','22','Tingo De Saposoa')
 INSERT INTO Ubigeo VALUES ('220501','2205','22','Lamas')
 INSERT INTO Ubigeo VALUES ('220502','2205','22','Alonso De Alvarado')
 INSERT INTO Ubigeo VALUES ('220503','2205','22','Barranquita')
 INSERT INTO Ubigeo VALUES ('220504','2205','22','Caynarachi')
 INSERT INTO Ubigeo VALUES ('220505','2205','22','Cuñumbuqui')
 INSERT INTO Ubigeo VALUES ('220506','2205','22','Pinto Recodo')
 INSERT INTO Ubigeo VALUES ('220507','2205','22','Rumisapa')
 INSERT INTO Ubigeo VALUES ('220508','2205','22','San Roque De Cumbaza')
 INSERT INTO Ubigeo VALUES ('220509','2205','22','Shanao')
 INSERT INTO Ubigeo VALUES ('220510','2205','22','Tabalosos')
 INSERT INTO Ubigeo VALUES ('220511','2205','22','Zapatero')
 INSERT INTO Ubigeo VALUES ('220601','2206','22','Juanjui')
 INSERT INTO Ubigeo VALUES ('220602','2206','22','Campanilla')
 INSERT INTO Ubigeo VALUES ('220603','2206','22','Huicungo')
 INSERT INTO Ubigeo VALUES ('220604','2206','22','Pachiza')
 INSERT INTO Ubigeo VALUES ('220605','2206','22','Pajarillo')
 INSERT INTO Ubigeo VALUES ('220701','2207','22','Picota')
 INSERT INTO Ubigeo VALUES ('220702','2207','22','Buenos Aires')
 INSERT INTO Ubigeo VALUES ('220703','2207','22','Caspisapa')
 INSERT INTO Ubigeo VALUES ('220704','2207','22','Pilluana')
 INSERT INTO Ubigeo VALUES ('220705','2207','22','Pucacaca')
 INSERT INTO Ubigeo VALUES ('220706','2207','22','San Cristobal')
 INSERT INTO Ubigeo VALUES ('220707','2207','22','San Hilarion')
 INSERT INTO Ubigeo VALUES ('220708','2207','22','Shamboyacu')
 INSERT INTO Ubigeo VALUES ('220709','2207','22','Tingo De Ponasa')
 INSERT INTO Ubigeo VALUES ('220710','2207','22','Tres Unidos')
 INSERT INTO Ubigeo VALUES ('220801','2208','22','Rioja')
 INSERT INTO Ubigeo VALUES ('220802','2208','22','Awajun')
 INSERT INTO Ubigeo VALUES ('220803','2208','22','Elias Soplin Vargas')
 INSERT INTO Ubigeo VALUES ('220804','2208','22','Nueva Cajamarca')
 INSERT INTO Ubigeo VALUES ('220805','2208','22','Pardo Miguel')
 INSERT INTO Ubigeo VALUES ('220806','2208','22','Posic')
 INSERT INTO Ubigeo VALUES ('220807','2208','22','San Fernando')
 INSERT INTO Ubigeo VALUES ('220808','2208','22','Yorongos')
 INSERT INTO Ubigeo VALUES ('220809','2208','22','Yuracyacu')
 INSERT INTO Ubigeo VALUES ('220901','2209','22','Tarapoto')
 INSERT INTO Ubigeo VALUES ('220902','2209','22','Alberto Leveau')
 INSERT INTO Ubigeo VALUES ('220903','2209','22','Cacatachi')
 INSERT INTO Ubigeo VALUES ('220904','2209','22','Chazuta')
 INSERT INTO Ubigeo VALUES ('220905','2209','22','Chipurana')
 INSERT INTO Ubigeo VALUES ('220906','2209','22','El Porvenir')
 INSERT INTO Ubigeo VALUES ('220907','2209','22','Huimbayoc')
 INSERT INTO Ubigeo VALUES ('220908','2209','22','Juan Guerra')
 INSERT INTO Ubigeo VALUES ('220909','2209','22','La Banda De Shilcayo')
 INSERT INTO Ubigeo VALUES ('220910','2209','22','Morales')
 INSERT INTO Ubigeo VALUES ('220911','2209','22','Papaplaya')
 INSERT INTO Ubigeo VALUES ('220912','2209','22','San Antonio')
 INSERT INTO Ubigeo VALUES ('220913','2209','22','Sauce')
 INSERT INTO Ubigeo VALUES ('220914','2209','22','Shapaja')
 INSERT INTO Ubigeo VALUES ('221001','2210','22','Tocache')
 INSERT INTO Ubigeo VALUES ('221002','2210','22','Nuevo Progreso')
 INSERT INTO Ubigeo VALUES ('221003','2210','22','Polvora')
 INSERT INTO Ubigeo VALUES ('221004','2210','22','Shunte')
 INSERT INTO Ubigeo VALUES ('221005','2210','22','Uchiza')
 INSERT INTO Ubigeo VALUES ('230101','2301','23','Tacna')
 INSERT INTO Ubigeo VALUES ('230102','2301','23','Alto De La Alianza')
 INSERT INTO Ubigeo VALUES ('230103','2301','23','Calana')
 INSERT INTO Ubigeo VALUES ('230104','2301','23','Ciudad Nueva')
 INSERT INTO Ubigeo VALUES ('230105','2301','23','Inclan')
 INSERT INTO Ubigeo VALUES ('230106','2301','23','Pachia')
 INSERT INTO Ubigeo VALUES ('230107','2301','23','Palca')
 INSERT INTO Ubigeo VALUES ('230108','2301','23','Pocollay')
 INSERT INTO Ubigeo VALUES ('230109','2301','23','Sama')
 INSERT INTO Ubigeo VALUES ('230110','2301','23','Coronel Gregorio Albarracin Lanchipa')
 INSERT INTO Ubigeo VALUES ('230111','2301','23','La Yarada Los Palos')
 INSERT INTO Ubigeo VALUES ('230201','2302','23','Candarave')
 INSERT INTO Ubigeo VALUES ('230202','2302','23','Cairani')
 INSERT INTO Ubigeo VALUES ('230203','2302','23','Camilaca')
 INSERT INTO Ubigeo VALUES ('230204','2302','23','Curibaya')
 INSERT INTO Ubigeo VALUES ('230205','2302','23','Huanuara')
 INSERT INTO Ubigeo VALUES ('230206','2302','23','Quilahuani')
 INSERT INTO Ubigeo VALUES ('230301','2303','23','Locumba')
 INSERT INTO Ubigeo VALUES ('230302','2303','23','Ilabaya')
 INSERT INTO Ubigeo VALUES ('230303','2303','23','Ite')
 INSERT INTO Ubigeo VALUES ('230401','2304','23','Tarata')
 INSERT INTO Ubigeo VALUES ('230402','2304','23','Heroes Albarracin')
 INSERT INTO Ubigeo VALUES ('230403','2304','23','Estique')
 INSERT INTO Ubigeo VALUES ('230404','2304','23','EstiquE-Pampa')
 INSERT INTO Ubigeo VALUES ('230405','2304','23','Sitajara')
 INSERT INTO Ubigeo VALUES ('230406','2304','23','Susapaya')
 INSERT INTO Ubigeo VALUES ('230407','2304','23','Tarucachi')
 INSERT INTO Ubigeo VALUES ('230408','2304','23','Ticaco')
 INSERT INTO Ubigeo VALUES ('240101','2401','24','Tumbes')
 INSERT INTO Ubigeo VALUES ('240102','2401','24','Corrales')
 INSERT INTO Ubigeo VALUES ('240103','2401','24','La Cruz')
 INSERT INTO Ubigeo VALUES ('240104','2401','24','Pampas De Hospital')
 INSERT INTO Ubigeo VALUES ('240105','2401','24','San Jacinto')
 INSERT INTO Ubigeo VALUES ('240106','2401','24','San Juan De La Virgen')
 INSERT INTO Ubigeo VALUES ('240201','2402','24','Zorritos')
 INSERT INTO Ubigeo VALUES ('240202','2402','24','Casitas')
 INSERT INTO Ubigeo VALUES ('240203','2402','24','Canoas De Punta Sal')
 INSERT INTO Ubigeo VALUES ('240301','2403','24','Zarumilla')
 INSERT INTO Ubigeo VALUES ('240302','2403','24','Aguas Verdes')
 INSERT INTO Ubigeo VALUES ('240303','2403','24','Matapalo')
 INSERT INTO Ubigeo VALUES ('240304','2403','24','Papayal')
 INSERT INTO Ubigeo VALUES ('250101','2501','25','Calleria')
 INSERT INTO Ubigeo VALUES ('250102','2501','25','Campoverde')
 INSERT INTO Ubigeo VALUES ('250103','2501','25','Iparia')
 INSERT INTO Ubigeo VALUES ('250104','2501','25','Masisea')
 INSERT INTO Ubigeo VALUES ('250105','2501','25','Yarinacocha')
 INSERT INTO Ubigeo VALUES ('250106','2501','25','Nueva Requena')
 INSERT INTO Ubigeo VALUES ('250107','2501','25','Manantay')
 INSERT INTO Ubigeo VALUES ('250201','2502','25','Raymondi')
 INSERT INTO Ubigeo VALUES ('250202','2502','25','Sepahua')
 INSERT INTO Ubigeo VALUES ('250203','2502','25','Tahuania')
 INSERT INTO Ubigeo VALUES ('250204','2502','25','Yurua')
 INSERT INTO Ubigeo VALUES ('250301','2503','25','Padre Abad')
 INSERT INTO Ubigeo VALUES ('250302','2503','25','Irazola')
 INSERT INTO Ubigeo VALUES ('250303','2503','25','Curimana')
 INSERT INTO Ubigeo VALUES ('250304','2503','25','Neshuya')
 INSERT INTO Ubigeo VALUES ('250305','2503','25','Alexander Von Humboldt')
 INSERT INTO Ubigeo VALUES ('250401','2504','25','Purus')
 INSERT INTO Ubigeo VALUES ('A10101','A101','A1','Buenos Aires')
 INSERT INTO Ubigeo VALUES ('A10201','A102','A1','La Plata')
 INSERT INTO Ubigeo VALUES ('A20101','A201','A2','Mendoza Central')
 INSERT INTO Ubigeo VALUES ('E10101','E101','E1','Madrid Metropolitana')
 INSERT INTO Ubigeo VALUES ('E10102','E101','E1','Campiña')
 INSERT INTO Ubigeo VALUES ('E10103','E101','E1','Lozoya')
 INSERT INTO Ubigeo VALUES ('E20101','E201','E2','Guillena')
 INSERT INTO Ubigeo VALUES ('E30101','E301','E3','Santa Marta')